Output tag: 1m  ->  measurements_1m.jsonl
Datasets: ['baseline', 'skew05', 'skew10', 'skew15', 'dep025', 'dep05', 'dep075', 'dep10', 'phys05', 'phys095', 'phys10']  rows=1000000
Already measured: 184 records
Server: PostgreSQL 17.1 on x86_64-windows, compiled by msvc-19.41.34123, 64-bit

=== dataset baseline ===
  generated in 1.7s -> t_baseline.csv
  loaded in 1.2s
  ts correlation: designed=0.0 realised=-0.0012 pg_stats=-0.009390449
  34 queries
  0 new measurements
  dropped t_baseline

=== dataset skew05 ===
  generated in 1.8s -> t_skew05.csv
  loaded in 1.3s
  ts correlation: designed=0.0 realised=0.0024 pg_stats=0.011009925
  34 queries
    none                 ext=0 eq_v1                  seqscan            70.69 ms est=      5067 act=      4978
    none                 ext=0 eq_v1224               seqscan            70.09 ms est=        95 act=       134
    none                 ext=0 eq_v2331               seqscan            68.96 ms est=        95 act=        96
    none                 ext=0 eq_v2536               seqscan            69.25 ms est=        95 act=        78
    none                 ext=0 eq_v7565               seqscan            67.90 ms est=        95 act=        68
    none                 ext=0 eq_v7901               seqscan            67.17 ms est=        95 act=        60
    none                 ext=0 eq_v9214               seqscan            69.06 ms est=        95 act=        53
    none                 ext=0 eq_v9606               seqscan            66.60 ms est=        95 act=        32
    none                 ext=0 range_1e-05            seqscan            72.92 ms est=       197 act=       197
    none                 ext=0 tsrange_1e-05          seqscan            78.82 ms est=         6 act=        10
    none                 ext=0 range_0.0001           seqscan            73.46 ms est=       197 act=       197
    none                 ext=0 tsrange_0.0001         seqscan            78.66 ms est=        99 act=       100
    none                 ext=0 range_0.001            seqscan            71.40 ms est=      1111 act=      1081
    none                 ext=0 tsrange_0.001          seqscan            74.76 ms est=       936 act=      1000
    none                 ext=0 range_0.01             seqscan            69.76 ms est=     10253 act=     10107
    none                 ext=0 tsrange_0.01           seqscan            75.03 ms est=      9817 act=     10000
    none                 ext=0 range_0.05             seqscan            67.41 ms est=     50871 act=     50154
    none                 ext=0 tsrange_0.05           seqscan            75.80 ms est=     48051 act=     50000
    none                 ext=0 range_0.1              seqscan            69.57 ms est=    101566 act=    100060
    none                 ext=0 tsrange_0.1            seqscan            74.65 ms est=     97191 act=    100000
    none                 ext=0 range_0.2              seqscan            69.96 ms est=    201257 act=    200070
    none                 ext=0 tsrange_0.2            seqscan            76.30 ms est=    195826 act=    200000
    none                 ext=0 range_0.5              seqscan            73.43 ms est=    499323 act=    500041
    none                 ext=0 tsrange_0.5            seqscan            80.11 ms est=    499263 act=    500000
    none                 ext=0 conj_dep_a7            seqscan            64.28 ms est=       110 act=        96
    none                 ext=0 conj_indep_a7          seqscan            62.56 ms est=       101 act=       109
    none                 ext=0 conj_dep_a44           seqscan            63.29 ms est=        89 act=        85
    none                 ext=0 conj_indep_a44         seqscan            62.00 ms est=        93 act=        97
    none                 ext=0 conj_dep_a46           seqscan            59.83 ms est=       109 act=        91
    none                 ext=0 conj_indep_a46         seqscan            59.89 ms est=       104 act=        93
    none                 ext=0 conj_dep_a70           seqscan            59.23 ms est=        96 act=        93
    none                 ext=0 conj_indep_a70         seqscan            58.74 ms est=        88 act=       111
    none                 ext=0 conj_dep_a80           seqscan            57.43 ms est=        94 act=        85
    none                 ext=0 conj_indep_a80         seqscan            56.93 ms est=       107 act=       102
    btree_skew           ext=0 eq_v1                  bitmapscan          2.25 ms est=      5267 act=      4978
    btree_skew           ext=0 eq_v1224               bitmapscan          0.08 ms est=        95 act=       134
    btree_skew           ext=0 eq_v2331               bitmapscan          0.04 ms est=        95 act=        96
    btree_skew           ext=0 eq_v2536               bitmapscan          0.03 ms est=        95 act=        78
    btree_skew           ext=0 eq_v7565               bitmapscan          0.03 ms est=        95 act=        68
    btree_skew           ext=0 eq_v7901               bitmapscan          0.02 ms est=        95 act=        60
    btree_skew           ext=0 eq_v9214               bitmapscan          0.02 ms est=        95 act=        53
    btree_skew           ext=0 eq_v9606               bitmapscan          0.02 ms est=        95 act=        32
    btree_skew           ext=0 range_1e-05            bitmapscan          0.08 ms est=       202 act=       197
    btree_skew           ext=0 range_0.0001           bitmapscan          0.23 ms est=       202 act=       197
    btree_skew           ext=0 range_0.001            bitmapscan          0.38 ms est=      1160 act=      1081
    btree_skew           ext=0 range_0.01             bitmapscan          4.49 ms est=     10613 act=     10107
    btree_skew           ext=0 range_0.05             bitmapscan         12.39 ms est=     50151 act=     50154
    btree_skew           ext=0 range_0.1              bitmapscan         17.30 ms est=    100842 act=    100060
    btree_skew           ext=0 range_0.2              bitmapscan         24.62 ms est=    204910 act=    200070
    btree_skew           ext=0 range_0.5              bitmapscan         41.06 ms est=    501601 act=    500041
    hash_skew            ext=0 eq_v1                  bitmapscan          2.61 ms est=      5100 act=      4978
    hash_skew            ext=0 eq_v1224               bitmapscan          0.05 ms est=        95 act=       134
    hash_skew            ext=0 eq_v2331               bitmapscan          0.03 ms est=        95 act=        96
    hash_skew            ext=0 eq_v2536               bitmapscan          0.03 ms est=        95 act=        78
    hash_skew            ext=0 eq_v7565               bitmapscan          0.03 ms est=        95 act=        68
    hash_skew            ext=0 eq_v7901               bitmapscan          0.05 ms est=        95 act=        60
    hash_skew            ext=0 eq_v9214               bitmapscan          0.05 ms est=        95 act=        53
    hash_skew            ext=0 eq_v9606               bitmapscan          0.02 ms est=        95 act=        32
    brin_skew            ext=0 eq_v1                  seqscan            48.51 ms est=      5000 act=      4978
    brin_skew            ext=0 eq_v1224               seqscan            45.66 ms est=        95 act=       134
    brin_skew            ext=0 eq_v2331               seqscan            46.02 ms est=        95 act=        96
    brin_skew            ext=0 eq_v2536               seqscan            44.56 ms est=        95 act=        78
    brin_skew            ext=0 eq_v7565               seqscan            43.45 ms est=        95 act=        68
    brin_skew            ext=0 eq_v7901               seqscan            43.58 ms est=        95 act=        60
    brin_skew            ext=0 eq_v9214               seqscan            42.82 ms est=        95 act=        53
    brin_skew            ext=0 eq_v9606               seqscan            42.22 ms est=        95 act=        32
    brin_skew            ext=0 range_1e-05            seqscan            48.39 ms est=       192 act=       197
    brin_skew            ext=0 range_0.0001           seqscan            48.57 ms est=       192 act=       197
    brin_skew            ext=0 range_0.001            seqscan            49.01 ms est=      1065 act=      1081
    brin_skew            ext=0 range_0.01             seqscan            47.83 ms est=      9969 act=     10107
    brin_skew            ext=0 range_0.05             seqscan            50.23 ms est=     51545 act=     50154
    brin_skew            ext=0 range_0.1              seqscan            51.11 ms est=    102073 act=    100060
    brin_skew            ext=0 range_0.2              seqscan            52.36 ms est=    199493 act=    200070
    brin_skew            ext=0 range_0.5              seqscan            57.81 ms est=    496508 act=    500041
    btree_a_b_separate   ext=0 conj_dep_a7            bitmapscan          1.94 ms est=       102 act=        96
    btree_a_b_separate   ext=0 conj_indep_a7          bitmapscan          1.98 ms est=        95 act=       109
    btree_a_b_separate   ext=0 conj_dep_a44           bitmapscan          2.00 ms est=       110 act=        85
    btree_a_b_separate   ext=0 conj_indep_a44         bitmapscan          1.95 ms est=        99 act=        97
    btree_a_b_separate   ext=0 conj_dep_a46           bitmapscan          1.96 ms est=        92 act=        91
    btree_a_b_separate   ext=0 conj_indep_a46         bitmapscan          2.11 ms est=       111 act=        93
    btree_a_b_separate   ext=0 conj_dep_a70           bitmapscan          2.12 ms est=       108 act=        93
    btree_a_b_separate   ext=0 conj_indep_a70         bitmapscan          2.08 ms est=       108 act=       111
    btree_a_b_separate   ext=0 conj_dep_a80           bitmapscan          2.22 ms est=        90 act=        85
    btree_a_b_separate   ext=0 conj_indep_a80         bitmapscan          2.09 ms est=       109 act=       102
    btree_ab_composite   ext=0 conj_dep_a7            bitmapscan          0.03 ms est=       101 act=        96
    btree_ab_composite   ext=0 conj_indep_a7          bitmapscan          0.06 ms est=       114 act=       109
    btree_ab_composite   ext=0 conj_dep_a44           bitmapscan          0.03 ms est=        92 act=        85
    btree_ab_composite   ext=0 conj_indep_a44         bitmapscan          0.04 ms est=       108 act=        97
    btree_ab_composite   ext=0 conj_dep_a46           bitmapscan          0.04 ms est=       110 act=        91
    btree_ab_composite   ext=0 conj_indep_a46         bitmapscan          0.03 ms est=       100 act=        93
    btree_ab_composite   ext=0 conj_dep_a70           bitmapscan          0.03 ms est=       115 act=        93
    btree_ab_composite   ext=0 conj_indep_a70         bitmapscan          0.04 ms est=       111 act=       111
    btree_ab_composite   ext=0 conj_dep_a80           bitmapscan          0.03 ms est=       105 act=        85
    btree_ab_composite   ext=0 conj_indep_a80         bitmapscan          0.03 ms est=       104 act=       102
    btree_ts             ext=0 tsrange_1e-05          bitmapscan          0.01 ms est=         6 act=        10
    btree_ts             ext=0 tsrange_0.0001         bitmapscan          0.05 ms est=        95 act=       100
    btree_ts             ext=0 tsrange_0.001          bitmapscan          0.38 ms est=       891 act=      1000
    btree_ts             ext=0 tsrange_0.01           bitmapscan          4.57 ms est=      9261 act=     10000
    btree_ts             ext=0 tsrange_0.05           bitmapscan         12.82 ms est=     48519 act=     50000
    btree_ts             ext=0 tsrange_0.1            bitmapscan         17.88 ms est=     97748 act=    100000
    btree_ts             ext=0 tsrange_0.2            bitmapscan         26.23 ms est=    198949 act=    200000
    btree_ts             ext=0 tsrange_0.5            seqscan            61.76 ms est=    498554 act=    500000
    brin_ts              ext=0 tsrange_1e-05          seqscan            56.10 ms est=         6 act=        10
    brin_ts              ext=0 tsrange_0.0001         seqscan            55.50 ms est=        92 act=       100
    brin_ts              ext=0 tsrange_0.001          seqscan            55.76 ms est=       865 act=      1000
    brin_ts              ext=0 tsrange_0.01           seqscan            55.57 ms est=      9199 act=     10000
    brin_ts              ext=0 tsrange_0.05           seqscan            57.59 ms est=     50254 act=     50000
    brin_ts              ext=0 tsrange_0.1            seqscan            57.10 ms est=    101248 act=    100000
    brin_ts              ext=0 tsrange_0.2            seqscan            58.34 ms est=    202033 act=    200000
    brin_ts              ext=0 tsrange_0.5            seqscan            63.79 ms est=    499495 act=    500000
    all                  ext=0 eq_v1                  indexscan           1.31 ms est=      5167 act=      4978
    all                  ext=0 eq_v1224               bitmapscan          0.05 ms est=        95 act=       134
    all                  ext=0 eq_v2331               bitmapscan          0.04 ms est=        95 act=        96
    all                  ext=0 eq_v2536               bitmapscan          0.03 ms est=        95 act=        78
    all                  ext=0 eq_v7565               bitmapscan          0.06 ms est=        95 act=        68
    all                  ext=0 eq_v7901               bitmapscan          0.03 ms est=        95 act=        60
    all                  ext=0 eq_v9214               bitmapscan          0.02 ms est=        95 act=        53
    all                  ext=0 eq_v9606               bitmapscan          0.02 ms est=        95 act=        32
    all                  ext=0 range_1e-05            bitmapscan          0.06 ms est=       203 act=       197
    all                  ext=0 tsrange_1e-05          bitmapscan          0.01 ms est=         7 act=        10
    all                  ext=0 range_0.0001           bitmapscan          0.06 ms est=       203 act=       197
    all                  ext=0 tsrange_0.0001         bitmapscan          0.08 ms est=       111 act=       100
    all                  ext=0 range_0.001            indexscan           0.19 ms est=      1171 act=      1081
    all                  ext=0 tsrange_0.001          indexscan           0.18 ms est=      1035 act=      1000
    all                  ext=0 range_0.01             seqscan            51.07 ms est=     10629 act=     10107
    all                  ext=0 tsrange_0.01           seqscan            58.15 ms est=     10899 act=     10000
    all                  ext=0 range_0.05             seqscan            50.09 ms est=     50049 act=     50154
    all                  ext=0 tsrange_0.05           seqscan            56.38 ms est=     49849 act=     50000
    all                  ext=0 range_0.1              seqscan            51.06 ms est=     98479 act=    100060
    all                  ext=0 tsrange_0.1            seqscan            57.65 ms est=     97582 act=    100000
    all                  ext=0 range_0.2              seqscan            52.52 ms est=    200539 act=    200070
    all                  ext=0 tsrange_0.2            seqscan            59.22 ms est=    199337 act=    200000
    all                  ext=0 range_0.5              seqscan            56.05 ms est=    498971 act=    500041
    all                  ext=0 tsrange_0.5            seqscan            63.14 ms est=    497283 act=    500000
    all                  ext=0 conj_dep_a7            bitmapscan          0.03 ms est=        95 act=        96
    all                  ext=0 conj_indep_a7          bitmapscan          0.06 ms est=        96 act=       109
    all                  ext=0 conj_dep_a44           bitmapscan          0.06 ms est=        93 act=        85
    all                  ext=0 conj_indep_a44         bitmapscan          0.04 ms est=        98 act=        97
    all                  ext=0 conj_dep_a46           bitmapscan          0.03 ms est=       102 act=        91
    all                  ext=0 conj_indep_a46         bitmapscan          0.03 ms est=       101 act=        93
    all                  ext=0 conj_dep_a70           bitmapscan          0.04 ms est=       108 act=        93
    all                  ext=0 conj_indep_a70         bitmapscan          0.05 ms est=       102 act=       111
    all                  ext=0 conj_dep_a80           bitmapscan          0.08 ms est=        95 act=        85
    all                  ext=0 conj_indep_a80         bitmapscan          0.04 ms est=       105 act=       102
    all                  ext=1 conj_dep_a7            bitmapscan          0.03 ms est=        93 act=        96
    all                  ext=1 conj_indep_a7          bitmapscan          0.04 ms est=        99 act=       109
    all                  ext=1 conj_dep_a44           bitmapscan          0.03 ms est=       102 act=        85
    all                  ext=1 conj_indep_a44         bitmapscan          0.05 ms est=       109 act=        97
    all                  ext=1 conj_dep_a46           bitmapscan          0.06 ms est=        98 act=        91
    all                  ext=1 conj_indep_a46         bitmapscan          0.03 ms est=       104 act=        93
    all                  ext=1 conj_dep_a70           bitmapscan          0.04 ms est=       101 act=        93
    all                  ext=1 conj_indep_a70         bitmapscan          0.05 ms est=       105 act=       111
    all                  ext=1 conj_dep_a80           bitmapscan          0.03 ms est=       110 act=        85
    all                  ext=1 conj_indep_a80         bitmapscan          0.03 ms est=       105 act=       102
    none                 ext=1 conj_dep_a7            seqscan            51.19 ms est=        92 act=        96
    none                 ext=1 conj_indep_a7          seqscan            51.79 ms est=       108 act=       109
    none                 ext=1 conj_dep_a44           seqscan            49.07 ms est=        92 act=        85
    none                 ext=1 conj_indep_a44         seqscan            49.20 ms est=       100 act=        97
    none                 ext=1 conj_dep_a46           seqscan            47.39 ms est=        87 act=        91
    none                 ext=1 conj_indep_a46         seqscan            49.23 ms est=        95 act=        93
    none                 ext=1 conj_dep_a70           seqscan            47.34 ms est=        97 act=        93
    none                 ext=1 conj_indep_a70         seqscan            47.81 ms est=       106 act=       111
    none                 ext=1 conj_dep_a80           seqscan            50.43 ms est=       108 act=        85
    none                 ext=1 conj_indep_a80         seqscan            48.11 ms est=        97 act=       102
    btree_a_b_separate   ext=1 conj_dep_a7            bitmapscan          2.29 ms est=        98 act=        96
    btree_a_b_separate   ext=1 conj_indep_a7          bitmapscan          2.41 ms est=        94 act=       109
    btree_a_b_separate   ext=1 conj_dep_a44           bitmapscan          2.33 ms est=       107 act=        85
    btree_a_b_separate   ext=1 conj_indep_a44         bitmapscan          2.17 ms est=       104 act=        97
    btree_a_b_separate   ext=1 conj_dep_a46           bitmapscan          2.24 ms est=       101 act=        91
    btree_a_b_separate   ext=1 conj_indep_a46         bitmapscan          2.17 ms est=        89 act=        93
    btree_a_b_separate   ext=1 conj_dep_a70           bitmapscan          2.08 ms est=       122 act=        93
    btree_a_b_separate   ext=1 conj_indep_a70         bitmapscan          2.07 ms est=       107 act=       111
    btree_a_b_separate   ext=1 conj_dep_a80           bitmapscan          2.06 ms est=        98 act=        85
    btree_a_b_separate   ext=1 conj_indep_a80         bitmapscan          1.99 ms est=       103 act=       102
    btree_ab_composite   ext=1 conj_dep_a7            bitmapscan          0.03 ms est=        99 act=        96
    btree_ab_composite   ext=1 conj_indep_a7          bitmapscan          0.04 ms est=       103 act=       109
    btree_ab_composite   ext=1 conj_dep_a44           bitmapscan          0.04 ms est=        94 act=        85
    btree_ab_composite   ext=1 conj_indep_a44         bitmapscan          0.03 ms est=        86 act=        97
    btree_ab_composite   ext=1 conj_dep_a46           bitmapscan          0.06 ms est=       100 act=        91
    btree_ab_composite   ext=1 conj_indep_a46         bitmapscan          0.04 ms est=       114 act=        93
    btree_ab_composite   ext=1 conj_dep_a70           bitmapscan          0.04 ms est=        99 act=        93
    btree_ab_composite   ext=1 conj_indep_a70         bitmapscan          0.04 ms est=       104 act=       111
    btree_ab_composite   ext=1 conj_dep_a80           bitmapscan          0.04 ms est=        99 act=        85
    btree_ab_composite   ext=1 conj_indep_a80         bitmapscan          0.04 ms est=        85 act=       102
  184 new measurements
  dropped t_skew05

=== dataset skew10 ===
  generated in 1.8s -> t_skew10.csv
  loaded in 1.4s
  ts correlation: designed=0.0 realised=0.0024 pg_stats=0.008146985
  34 queries
    none                 ext=0 eq_v1                  seqscan            76.63 ms est=    104967 act=    101636
    none                 ext=0 eq_v1609               seqscan            72.46 ms est=        81 act=        72
    none                 ext=0 eq_v2716               seqscan            72.41 ms est=        81 act=        37
    none                 ext=0 eq_v4914               seqscan            71.07 ms est=        81 act=        18
    none                 ext=0 eq_v5779               seqscan            70.59 ms est=        81 act=        11
    none                 ext=0 eq_v6444               seqscan            70.95 ms est=        81 act=        24
    none                 ext=0 eq_v7309               seqscan            68.82 ms est=        81 act=        15
    none                 ext=0 eq_v9630               seqscan            67.13 ms est=        81 act=         2
    none                 ext=0 range_1e-05            seqscan            72.14 ms est=      1200 act=      1356
    none                 ext=0 tsrange_1e-05          seqscan            80.48 ms est=         6 act=        10
    none                 ext=0 range_0.0001           seqscan            71.09 ms est=      1200 act=      1356
    none                 ext=0 tsrange_0.0001         seqscan            79.27 ms est=       105 act=       100
    none                 ext=0 range_0.001            seqscan            70.79 ms est=      1200 act=      1356
    none                 ext=0 tsrange_0.001          seqscan            79.58 ms est=       980 act=      1000
    none                 ext=0 range_0.01             seqscan            68.12 ms est=     11167 act=     10858
    none                 ext=0 tsrange_0.01           seqscan            75.46 ms est=     10064 act=     10000
    none                 ext=0 range_0.05             seqscan            69.01 ms est=     52918 act=     51257
    none                 ext=0 tsrange_0.05           seqscan            74.58 ms est=     49218 act=     50000
    none                 ext=0 range_0.1              seqscan            69.75 ms est=    102360 act=    101470
    none                 ext=0 tsrange_0.1            seqscan            75.82 ms est=     98365 act=    100000
    none                 ext=0 range_0.2              seqscan            70.16 ms est=    207432 act=    203452
    none                 ext=0 tsrange_0.2            seqscan            78.52 ms est=    197288 act=    200000
    none                 ext=0 range_0.5              seqscan            74.64 ms est=    502613 act=    500306
    none                 ext=0 tsrange_0.5            seqscan            79.96 ms est=    499196 act=    500000
    none                 ext=0 conj_dep_a7            seqscan            61.45 ms est=       122 act=        96
    none                 ext=0 conj_indep_a7          seqscan            61.72 ms est=       112 act=       109
    none                 ext=0 conj_dep_a44           seqscan            61.26 ms est=        94 act=        85
    none                 ext=0 conj_indep_a44         seqscan            60.73 ms est=       110 act=        97
    none                 ext=0 conj_dep_a46           seqscan            60.90 ms est=        93 act=        91
    none                 ext=0 conj_indep_a46         seqscan            61.42 ms est=        95 act=        93
    none                 ext=0 conj_dep_a70           seqscan            61.22 ms est=        96 act=        93
    none                 ext=0 conj_indep_a70         seqscan            59.16 ms est=       107 act=       111
    none                 ext=0 conj_dep_a80           seqscan            60.47 ms est=        93 act=        85
    none                 ext=0 conj_indep_a80         seqscan            57.84 ms est=        98 act=       102
    btree_skew           ext=0 eq_v1                  bitmapscan         16.19 ms est=    104367 act=    101636
    btree_skew           ext=0 eq_v1609               bitmapscan          0.03 ms est=        80 act=        72
    btree_skew           ext=0 eq_v2716               bitmapscan          0.02 ms est=        80 act=        37
    btree_skew           ext=0 eq_v4914               bitmapscan          0.02 ms est=        80 act=        18
    btree_skew           ext=0 eq_v5779               bitmapscan          0.02 ms est=        80 act=        11
    btree_skew           ext=0 eq_v6444               bitmapscan          0.02 ms est=        80 act=        24
    btree_skew           ext=0 eq_v7309               bitmapscan          0.01 ms est=        80 act=        15
    btree_skew           ext=0 eq_v9630               bitmapscan          0.01 ms est=        80 act=         2
    btree_skew           ext=0 range_1e-05            bitmapscan          0.47 ms est=      1247 act=      1356
    btree_skew           ext=0 range_0.0001           bitmapscan          0.50 ms est=      1247 act=      1356
    btree_skew           ext=0 range_0.001            bitmapscan          0.43 ms est=      1247 act=      1356
    btree_skew           ext=0 range_0.01             bitmapscan          4.61 ms est=     11011 act=     10858
    btree_skew           ext=0 range_0.05             bitmapscan         11.61 ms est=     47898 act=     51257
    btree_skew           ext=0 range_0.1              bitmapscan         16.62 ms est=     97608 act=    101470
    btree_skew           ext=0 range_0.2              bitmapscan         24.34 ms est=    200675 act=    203452
    btree_skew           ext=0 range_0.5              bitmapscan         40.03 ms est=    500839 act=    500306
    hash_skew            ext=0 eq_v1                  bitmapscan         19.75 ms est=     99567 act=    101636
    hash_skew            ext=0 eq_v1609               bitmapscan          0.03 ms est=        83 act=        72
    hash_skew            ext=0 eq_v2716               bitmapscan          0.06 ms est=        83 act=        37
    hash_skew            ext=0 eq_v4914               bitmapscan          0.03 ms est=        83 act=        18
    hash_skew            ext=0 eq_v5779               bitmapscan          0.01 ms est=        83 act=        11
    hash_skew            ext=0 eq_v6444               bitmapscan          0.01 ms est=        83 act=        24
    hash_skew            ext=0 eq_v7309               bitmapscan          0.01 ms est=        83 act=        15
    hash_skew            ext=0 eq_v9630               bitmapscan          0.01 ms est=        83 act=         2
    brin_skew            ext=0 eq_v1                  seqscan            43.80 ms est=    104800 act=    101636
    brin_skew            ext=0 eq_v1609               bitmapscan         54.18 ms est=        80 act=        72
    brin_skew            ext=0 eq_v2716               bitmapscan         54.97 ms est=        80 act=        37
    brin_skew            ext=0 eq_v4914               bitmapscan         54.22 ms est=        80 act=        18
    brin_skew            ext=0 eq_v5779               bitmapscan         55.18 ms est=        80 act=        11
    brin_skew            ext=0 eq_v6444               bitmapscan         54.18 ms est=        80 act=        24
    brin_skew            ext=0 eq_v7309               bitmapscan         53.16 ms est=        80 act=        15
    brin_skew            ext=0 eq_v9630               bitmapscan         53.82 ms est=        80 act=         2
    brin_skew            ext=0 range_1e-05            bitmapscan         60.68 ms est=      1333 act=      1356
    brin_skew            ext=0 range_0.0001           bitmapscan         61.15 ms est=      1333 act=      1356
    brin_skew            ext=0 range_0.001            bitmapscan         61.29 ms est=      1333 act=      1356
    brin_skew            ext=0 range_0.01             bitmapscan         61.65 ms est=     11433 act=     10858
    brin_skew            ext=0 range_0.05             seqscan            50.54 ms est=     50082 act=     51257
    brin_skew            ext=0 range_0.1              seqscan            50.85 ms est=    100560 act=    101470
    brin_skew            ext=0 range_0.2              seqscan            53.93 ms est=    200045 act=    203452
    brin_skew            ext=0 range_0.5              seqscan            57.17 ms est=    496777 act=    500306
    btree_a_b_separate   ext=0 conj_dep_a7            bitmapscan          1.97 ms est=       105 act=        96
    btree_a_b_separate   ext=0 conj_indep_a7          bitmapscan          1.98 ms est=        99 act=       109
    btree_a_b_separate   ext=0 conj_dep_a44           bitmapscan          1.91 ms est=       103 act=        85
    btree_a_b_separate   ext=0 conj_indep_a44         bitmapscan          2.02 ms est=       101 act=        97
    btree_a_b_separate   ext=0 conj_dep_a46           bitmapscan          2.08 ms est=       100 act=        91
    btree_a_b_separate   ext=0 conj_indep_a46         bitmapscan          1.99 ms est=       107 act=        93
    btree_a_b_separate   ext=0 conj_dep_a70           bitmapscan          2.00 ms est=        91 act=        93
    btree_a_b_separate   ext=0 conj_indep_a70         bitmapscan          1.98 ms est=        92 act=       111
    btree_a_b_separate   ext=0 conj_dep_a80           bitmapscan          1.98 ms est=        96 act=        85
    btree_a_b_separate   ext=0 conj_indep_a80         bitmapscan          1.99 ms est=       100 act=       102
    btree_ab_composite   ext=0 conj_dep_a7            bitmapscan          0.04 ms est=        99 act=        96
    btree_ab_composite   ext=0 conj_indep_a7          bitmapscan          0.04 ms est=       105 act=       109
    btree_ab_composite   ext=0 conj_dep_a44           bitmapscan          0.03 ms est=        90 act=        85
    btree_ab_composite   ext=0 conj_indep_a44         bitmapscan          0.03 ms est=        98 act=        97
    btree_ab_composite   ext=0 conj_dep_a46           bitmapscan          0.04 ms est=        88 act=        91
    btree_ab_composite   ext=0 conj_indep_a46         bitmapscan          0.05 ms est=        94 act=        93
    btree_ab_composite   ext=0 conj_dep_a70           bitmapscan          0.03 ms est=       100 act=        93
    btree_ab_composite   ext=0 conj_indep_a70         bitmapscan          0.04 ms est=        97 act=       111
    btree_ab_composite   ext=0 conj_dep_a80           bitmapscan          0.04 ms est=       102 act=        85
    btree_ab_composite   ext=0 conj_indep_a80         bitmapscan          0.03 ms est=        95 act=       102
    btree_ts             ext=0 tsrange_1e-05          bitmapscan          0.01 ms est=         6 act=        10
    btree_ts             ext=0 tsrange_0.0001         bitmapscan          0.06 ms est=       102 act=       100
    btree_ts             ext=0 tsrange_0.001          bitmapscan          0.35 ms est=       983 act=      1000
    btree_ts             ext=0 tsrange_0.01           bitmapscan          4.83 ms est=     10264 act=     10000
    btree_ts             ext=0 tsrange_0.05           bitmapscan         13.40 ms est=     51457 act=     50000
    btree_ts             ext=0 tsrange_0.1            bitmapscan         18.95 ms est=    101383 act=    100000
    btree_ts             ext=0 tsrange_0.2            bitmapscan         26.55 ms est=    207604 act=    200000
    btree_ts             ext=0 tsrange_0.5            seqscan            63.77 ms est=    503079 act=    500000
    brin_ts              ext=0 tsrange_1e-05          seqscan            56.00 ms est=         6 act=        10
    brin_ts              ext=0 tsrange_0.0001         seqscan            55.97 ms est=       102 act=       100
    brin_ts              ext=0 tsrange_0.001          seqscan            55.53 ms est=       954 act=      1000
    brin_ts              ext=0 tsrange_0.01           seqscan            55.77 ms est=     10113 act=     10000
    brin_ts              ext=0 tsrange_0.05           seqscan            55.77 ms est=     48808 act=     50000
    brin_ts              ext=0 tsrange_0.1            seqscan            57.48 ms est=     99545 act=    100000
    brin_ts              ext=0 tsrange_0.2            seqscan            59.80 ms est=    199779 act=    200000
    brin_ts              ext=0 tsrange_0.5            seqscan            63.46 ms est=    497493 act=    500000
    all                  ext=0 eq_v1                  seqscan            47.92 ms est=    101133 act=    101636
    all                  ext=0 eq_v1609               bitmapscan          0.03 ms est=        82 act=        72
    all                  ext=0 eq_v2716               bitmapscan          0.02 ms est=        82 act=        37
    all                  ext=0 eq_v4914               bitmapscan          0.01 ms est=        82 act=        18
    all                  ext=0 eq_v5779               bitmapscan          0.02 ms est=        82 act=        11
    all                  ext=0 eq_v6444               bitmapscan          0.03 ms est=        82 act=        24
    all                  ext=0 eq_v7309               bitmapscan          0.02 ms est=        82 act=        15
    all                  ext=0 eq_v9630               bitmapscan          0.01 ms est=        82 act=         2
    all                  ext=0 range_1e-05            indexscan           0.22 ms est=      1148 act=      1356
    all                  ext=0 tsrange_1e-05          bitmapscan          0.01 ms est=         6 act=        10
    all                  ext=0 range_0.0001           indexscan           0.29 ms est=      1148 act=      1356
    all                  ext=0 tsrange_0.0001         bitmapscan          0.04 ms est=        98 act=       100
    all                  ext=0 range_0.001            indexscan           0.22 ms est=      1148 act=      1356
    all                  ext=0 tsrange_0.001          indexscan           0.18 ms est=       922 act=      1000
    all                  ext=0 range_0.01             seqscan            52.37 ms est=     10691 act=     10858
    all                  ext=0 tsrange_0.01           seqscan            58.56 ms est=      9664 act=     10000
    all                  ext=0 range_0.05             seqscan            52.91 ms est=     50229 act=     51257
    all                  ext=0 tsrange_0.05           seqscan            59.11 ms est=     47999 act=     50000
    all                  ext=0 range_0.1              seqscan            53.15 ms est=    102364 act=    101470
    all                  ext=0 tsrange_0.1            seqscan            59.40 ms est=     98503 act=    100000
    all                  ext=0 range_0.2              seqscan            55.48 ms est=    208308 act=    203452
    all                  ext=0 tsrange_0.2            seqscan            59.68 ms est=    201653 act=    200000
    all                  ext=0 range_0.5              seqscan            56.30 ms est=    507904 act=    500306
    all                  ext=0 tsrange_0.5            seqscan            63.46 ms est=    506074 act=    500000
    all                  ext=0 conj_dep_a7            bitmapscan          0.03 ms est=       100 act=        96
    all                  ext=0 conj_indep_a7          bitmapscan          0.03 ms est=        97 act=       109
    all                  ext=0 conj_dep_a44           bitmapscan          0.03 ms est=        93 act=        85
    all                  ext=0 conj_indep_a44         bitmapscan          0.04 ms est=        95 act=        97
    all                  ext=0 conj_dep_a46           bitmapscan          0.04 ms est=       109 act=        91
    all                  ext=0 conj_indep_a46         bitmapscan          0.08 ms est=       111 act=        93
    all                  ext=0 conj_dep_a70           bitmapscan          0.04 ms est=       105 act=        93
    all                  ext=0 conj_indep_a70         bitmapscan          0.08 ms est=        95 act=       111
    all                  ext=0 conj_dep_a80           bitmapscan          0.03 ms est=       103 act=        85
    all                  ext=0 conj_indep_a80         bitmapscan          0.04 ms est=        95 act=       102
    all                  ext=1 conj_dep_a7            bitmapscan          0.07 ms est=        93 act=        96
    all                  ext=1 conj_indep_a7          bitmapscan          0.06 ms est=       101 act=       109
    all                  ext=1 conj_dep_a44           bitmapscan          0.04 ms est=       102 act=        85
    all                  ext=1 conj_indep_a44         bitmapscan          0.04 ms est=       102 act=        97
    all                  ext=1 conj_dep_a46           bitmapscan          0.03 ms est=        92 act=        91
    all                  ext=1 conj_indep_a46         bitmapscan          0.04 ms est=        84 act=        93
    all                  ext=1 conj_dep_a70           bitmapscan          0.06 ms est=       106 act=        93
    all                  ext=1 conj_indep_a70         bitmapscan          0.06 ms est=        93 act=       111
    all                  ext=1 conj_dep_a80           bitmapscan          0.03 ms est=       111 act=        85
    all                  ext=1 conj_indep_a80         bitmapscan          0.03 ms est=       108 act=       102
    none                 ext=1 conj_dep_a7            seqscan            53.31 ms est=        92 act=        96
    none                 ext=1 conj_indep_a7          seqscan            53.20 ms est=       110 act=       109
    none                 ext=1 conj_dep_a44           seqscan            52.49 ms est=        90 act=        85
    none                 ext=1 conj_indep_a44         seqscan            51.19 ms est=        82 act=        97
    none                 ext=1 conj_dep_a46           seqscan            51.31 ms est=       100 act=        91
    none                 ext=1 conj_indep_a46         seqscan            50.60 ms est=       101 act=        93
    none                 ext=1 conj_dep_a70           seqscan            49.25 ms est=       105 act=        93
    none                 ext=1 conj_indep_a70         seqscan            48.93 ms est=        98 act=       111
    none                 ext=1 conj_dep_a80           seqscan            47.78 ms est=       104 act=        85
    none                 ext=1 conj_indep_a80         seqscan            47.59 ms est=       112 act=       102
    btree_a_b_separate   ext=1 conj_dep_a7            bitmapscan          1.99 ms est=        88 act=        96
    btree_a_b_separate   ext=1 conj_indep_a7          bitmapscan          1.87 ms est=        90 act=       109
    btree_a_b_separate   ext=1 conj_dep_a44           bitmapscan          1.79 ms est=       106 act=        85
    btree_a_b_separate   ext=1 conj_indep_a44         bitmapscan          1.85 ms est=        99 act=        97
    btree_a_b_separate   ext=1 conj_dep_a46           bitmapscan          1.90 ms est=       112 act=        91
    btree_a_b_separate   ext=1 conj_indep_a46         bitmapscan          1.94 ms est=       103 act=        93
    btree_a_b_separate   ext=1 conj_dep_a70           bitmapscan          1.95 ms est=        96 act=        93
    btree_a_b_separate   ext=1 conj_indep_a70         bitmapscan          2.00 ms est=        83 act=       111
    btree_a_b_separate   ext=1 conj_dep_a80           bitmapscan          1.93 ms est=       115 act=        85
    btree_a_b_separate   ext=1 conj_indep_a80         bitmapscan          1.95 ms est=       106 act=       102
    btree_ab_composite   ext=1 conj_dep_a7            bitmapscan          0.03 ms est=       104 act=        96
    btree_ab_composite   ext=1 conj_indep_a7          bitmapscan          0.04 ms est=        95 act=       109
    btree_ab_composite   ext=1 conj_dep_a44           bitmapscan          0.03 ms est=        84 act=        85
    btree_ab_composite   ext=1 conj_indep_a44         bitmapscan          0.04 ms est=        92 act=        97
    btree_ab_composite   ext=1 conj_dep_a46           bitmapscan          0.04 ms est=       102 act=        91
    btree_ab_composite   ext=1 conj_indep_a46         bitmapscan          0.03 ms est=        96 act=        93
    btree_ab_composite   ext=1 conj_dep_a70           bitmapscan          0.15 ms est=       112 act=        93
    btree_ab_composite   ext=1 conj_indep_a70         bitmapscan          0.05 ms est=       102 act=       111
    btree_ab_composite   ext=1 conj_dep_a80           bitmapscan          0.03 ms est=        94 act=        85
    btree_ab_composite   ext=1 conj_indep_a80         bitmapscan          0.03 ms est=       102 act=       102
  184 new measurements
  dropped t_skew10

=== dataset skew15 ===
  generated in 1.7s -> t_skew15.csv
  loaded in 1.3s
  ts correlation: designed=0.0 realised=0.0024 pg_stats=0.010669548
  34 queries
    none                 ext=0 eq_v1                  seqscan            79.77 ms est=    384500 act=    385122
    none                 ext=0 eq_v1442               seqscan            70.71 ms est=        64 act=        13
    none                 ext=0 eq_v1801               seqscan            70.43 ms est=        64 act=         5
    none                 ext=0 eq_v2707               seqscan            72.25 ms est=        64 act=         1
    none                 ext=0 eq_v4170               seqscan            69.60 ms est=        64 act=         3
    none                 ext=0 eq_v5884               seqscan            68.02 ms est=        64 act=         2
    none                 ext=0 eq_v7275               seqscan            68.30 ms est=        64 act=         1
    none                 ext=0 eq_v9896               seqscan            67.17 ms est=        64 act=         1
    none                 ext=0 range_1e-05            seqscan            76.81 ms est=    136800 act=    136743
    none                 ext=0 tsrange_1e-05          seqscan            79.23 ms est=         6 act=        10
    none                 ext=0 range_0.0001           seqscan            75.20 ms est=    136800 act=    136743
    none                 ext=0 tsrange_0.0001         seqscan            78.26 ms est=        96 act=       100
    none                 ext=0 range_0.001            seqscan            72.96 ms est=    136800 act=    136743
    none                 ext=0 tsrange_0.001          seqscan            76.50 ms est=       899 act=      1000
    none                 ext=0 range_0.01             seqscan            70.62 ms est=    136800 act=    136743
    none                 ext=0 tsrange_0.01           seqscan            76.42 ms est=      9461 act=     10000
    none                 ext=0 range_0.05             seqscan            73.18 ms est=    210733 act=    211108
    none                 ext=0 tsrange_0.05           seqscan            75.53 ms est=     50174 act=     50000
    none                 ext=0 range_0.1              seqscan            70.96 ms est=    210733 act=    211108
    none                 ext=0 tsrange_0.1            seqscan            75.59 ms est=     98900 act=    100000
    none                 ext=0 range_0.2              seqscan            70.50 ms est=    260100 act=    259537
    none                 ext=0 tsrange_0.2            seqscan            75.96 ms est=    199220 act=    200000
    none                 ext=0 range_0.5              seqscan            73.80 ms est=    756500 act=    757376
    none                 ext=0 tsrange_0.5            seqscan            79.96 ms est=    498384 act=    500000
    none                 ext=0 conj_dep_a7            seqscan            62.47 ms est=       110 act=        96
    none                 ext=0 conj_indep_a7          seqscan            61.64 ms est=       122 act=       109
    none                 ext=0 conj_dep_a44           seqscan            60.49 ms est=        91 act=        85
    none                 ext=0 conj_indep_a44         seqscan            59.92 ms est=        93 act=        97
    none                 ext=0 conj_dep_a46           seqscan            61.51 ms est=        93 act=        91
    none                 ext=0 conj_indep_a46         seqscan            61.00 ms est=        98 act=        93
    none                 ext=0 conj_dep_a70           seqscan            60.10 ms est=        97 act=        93
    none                 ext=0 conj_indep_a70         seqscan            60.16 ms est=       101 act=       111
    none                 ext=0 conj_dep_a80           seqscan            60.13 ms est=       105 act=        85
    none                 ext=0 conj_indep_a80         seqscan            58.81 ms est=        94 act=       102
    btree_skew           ext=0 eq_v1                  bitmapscan         33.07 ms est=    385100 act=    385122
    btree_skew           ext=0 eq_v1442               bitmapscan          0.01 ms est=        64 act=        13
    btree_skew           ext=0 eq_v1801               bitmapscan          0.01 ms est=        64 act=         5
    btree_skew           ext=0 eq_v2707               bitmapscan          0.01 ms est=        64 act=         1
    btree_skew           ext=0 eq_v4170               bitmapscan          0.01 ms est=        64 act=         3
    btree_skew           ext=0 eq_v5884               bitmapscan          0.01 ms est=        64 act=         2
    btree_skew           ext=0 eq_v7275               bitmapscan          0.01 ms est=        64 act=         1
    btree_skew           ext=0 eq_v9896               bitmapscan          0.01 ms est=        64 act=         1
    btree_skew           ext=0 range_1e-05            bitmapscan         19.22 ms est=    136898 act=    136743
    btree_skew           ext=0 range_0.0001           bitmapscan         19.71 ms est=    136898 act=    136743
    btree_skew           ext=0 range_0.001            bitmapscan         18.91 ms est=    136898 act=    136743
    btree_skew           ext=0 range_0.01             bitmapscan         19.14 ms est=    136898 act=    136743
    btree_skew           ext=0 range_0.05             bitmapscan         24.97 ms est=    210172 act=    211108
    btree_skew           ext=0 range_0.1              bitmapscan         24.37 ms est=    210172 act=    211108
    btree_skew           ext=0 range_0.2              bitmapscan         27.19 ms est=    258945 act=    259537
    btree_skew           ext=0 range_0.5              seqscan            58.46 ms est=    757356 act=    757376
    hash_skew            ext=0 eq_v1                  seqscan            56.95 ms est=    384133 act=    385122
    hash_skew            ext=0 eq_v1442               bitmapscan          0.02 ms est=        64 act=        13
    hash_skew            ext=0 eq_v1801               bitmapscan          0.01 ms est=        64 act=         5
    hash_skew            ext=0 eq_v2707               bitmapscan          0.01 ms est=        64 act=         1
    hash_skew            ext=0 eq_v4170               bitmapscan          0.01 ms est=        64 act=         3
    hash_skew            ext=0 eq_v5884               bitmapscan          0.01 ms est=        64 act=         2
    hash_skew            ext=0 eq_v7275               bitmapscan          0.01 ms est=        64 act=         1
    hash_skew            ext=0 eq_v9896               bitmapscan          0.01 ms est=        64 act=         1
    brin_skew            ext=0 eq_v1                  seqscan            55.72 ms est=    388700 act=    385122
    brin_skew            ext=0 eq_v1442               bitmapscan         53.81 ms est=        63 act=        13
    brin_skew            ext=0 eq_v1801               bitmapscan         53.95 ms est=        63 act=         5
    brin_skew            ext=0 eq_v2707               bitmapscan         53.25 ms est=        63 act=         1
    brin_skew            ext=0 eq_v4170               bitmapscan         53.03 ms est=        63 act=         3
    brin_skew            ext=0 eq_v5884               bitmapscan         53.67 ms est=        63 act=         2
    brin_skew            ext=0 eq_v7275               bitmapscan         53.43 ms est=        63 act=         1
    brin_skew            ext=0 eq_v9896               bitmapscan         19.16 ms est=        63 act=         1
    brin_skew            ext=0 range_1e-05            bitmapscan         61.45 ms est=    137733 act=    136743
    brin_skew            ext=0 range_0.0001           bitmapscan         62.11 ms est=    137733 act=    136743
    brin_skew            ext=0 range_0.001            bitmapscan         62.84 ms est=    137733 act=    136743
    brin_skew            ext=0 range_0.01             bitmapscan         62.45 ms est=    137733 act=    136743
    brin_skew            ext=0 range_0.05             seqscan            51.94 ms est=    213833 act=    211108
    brin_skew            ext=0 range_0.1              seqscan            52.12 ms est=    213833 act=    211108
    brin_skew            ext=0 range_0.2              seqscan            52.50 ms est=    262733 act=    259537
    brin_skew            ext=0 range_0.5              seqscan            58.00 ms est=    759933 act=    757376
    btree_a_b_separate   ext=0 conj_dep_a7            bitmapscan          1.77 ms est=        98 act=        96
    btree_a_b_separate   ext=0 conj_indep_a7          bitmapscan          1.76 ms est=       103 act=       109
    btree_a_b_separate   ext=0 conj_dep_a44           bitmapscan          2.04 ms est=        96 act=        85
    btree_a_b_separate   ext=0 conj_indep_a44         bitmapscan          1.88 ms est=        94 act=        97
    btree_a_b_separate   ext=0 conj_dep_a46           bitmapscan          1.78 ms est=        91 act=        91
    btree_a_b_separate   ext=0 conj_indep_a46         bitmapscan          1.78 ms est=       106 act=        93
    btree_a_b_separate   ext=0 conj_dep_a70           bitmapscan          1.83 ms est=        96 act=        93
    btree_a_b_separate   ext=0 conj_indep_a70         bitmapscan          1.88 ms est=       108 act=       111
    btree_a_b_separate   ext=0 conj_dep_a80           bitmapscan          1.89 ms est=       111 act=        85
    btree_a_b_separate   ext=0 conj_indep_a80         bitmapscan          1.84 ms est=       106 act=       102
    btree_ab_composite   ext=0 conj_dep_a7            bitmapscan          0.03 ms est=        93 act=        96
    btree_ab_composite   ext=0 conj_indep_a7          bitmapscan          0.04 ms est=       100 act=       109
    btree_ab_composite   ext=0 conj_dep_a44           bitmapscan          0.03 ms est=       101 act=        85
    btree_ab_composite   ext=0 conj_indep_a44         bitmapscan          0.04 ms est=       102 act=        97
    btree_ab_composite   ext=0 conj_dep_a46           bitmapscan          0.03 ms est=       101 act=        91
    btree_ab_composite   ext=0 conj_indep_a46         bitmapscan          0.19 ms est=        99 act=        93
    btree_ab_composite   ext=0 conj_dep_a70           bitmapscan          0.03 ms est=        98 act=        93
    btree_ab_composite   ext=0 conj_indep_a70         bitmapscan          0.04 ms est=        96 act=       111
    btree_ab_composite   ext=0 conj_dep_a80           bitmapscan          0.04 ms est=        99 act=        85
    btree_ab_composite   ext=0 conj_indep_a80         bitmapscan          0.03 ms est=        89 act=       102
    btree_ts             ext=0 tsrange_1e-05          bitmapscan          0.01 ms est=         6 act=        10
    btree_ts             ext=0 tsrange_0.0001         bitmapscan          0.04 ms est=       105 act=       100
    btree_ts             ext=0 tsrange_0.001          bitmapscan          0.36 ms est=       987 act=      1000
    btree_ts             ext=0 tsrange_0.01           bitmapscan          4.28 ms est=     10361 act=     10000
    btree_ts             ext=0 tsrange_0.05           bitmapscan         12.20 ms est=     50746 act=     50000
    btree_ts             ext=0 tsrange_0.1            bitmapscan         17.57 ms est=    100924 act=    100000
    btree_ts             ext=0 tsrange_0.2            bitmapscan         25.95 ms est=    199136 act=    200000
    btree_ts             ext=0 tsrange_0.5            seqscan            63.05 ms est=    495628 act=    500000
    brin_ts              ext=0 tsrange_1e-05          seqscan            54.28 ms est=         6 act=        10
    brin_ts              ext=0 tsrange_0.0001         seqscan            55.16 ms est=       102 act=       100
    brin_ts              ext=0 tsrange_0.001          seqscan            55.76 ms est=       952 act=      1000
    brin_ts              ext=0 tsrange_0.01           seqscan            54.80 ms est=      9477 act=     10000
    brin_ts              ext=0 tsrange_0.05           seqscan            56.03 ms est=     50196 act=     50000
    brin_ts              ext=0 tsrange_0.1            seqscan            57.33 ms est=    100625 act=    100000
    brin_ts              ext=0 tsrange_0.2            seqscan            57.75 ms est=    200044 act=    200000
    brin_ts              ext=0 tsrange_0.5            seqscan            62.04 ms est=    498585 act=    500000
    all                  ext=0 eq_v1                  seqscan            57.02 ms est=    381567 act=    385122
    all                  ext=0 eq_v1442               bitmapscan          0.01 ms est=        63 act=        13
    all                  ext=0 eq_v1801               bitmapscan          0.01 ms est=        63 act=         5
    all                  ext=0 eq_v2707               bitmapscan          0.01 ms est=        63 act=         1
    all                  ext=0 eq_v4170               bitmapscan          0.01 ms est=        63 act=         3
    all                  ext=0 eq_v5884               bitmapscan          0.01 ms est=        63 act=         2
    all                  ext=0 eq_v7275               bitmapscan          0.01 ms est=        63 act=         1
    all                  ext=0 eq_v9896               bitmapscan          0.01 ms est=        63 act=         1
    all                  ext=0 range_1e-05            bitmapscan         61.79 ms est=    136230 act=    136743
    all                  ext=0 tsrange_1e-05          bitmapscan          0.01 ms est=         6 act=        10
    all                  ext=0 range_0.0001           bitmapscan         61.29 ms est=    136230 act=    136743
    all                  ext=0 tsrange_0.0001         bitmapscan          0.06 ms est=       100 act=       100
    all                  ext=0 range_0.001            bitmapscan         62.75 ms est=    136230 act=    136743
    all                  ext=0 tsrange_0.001          indexscan           0.19 ms est=       936 act=      1000
    all                  ext=0 range_0.01             bitmapscan         62.19 ms est=    136230 act=    136743
    all                  ext=0 tsrange_0.01           indexscan           2.59 ms est=      9549 act=     10000
    all                  ext=0 range_0.05             seqscan            53.16 ms est=    210070 act=    211108
    all                  ext=0 tsrange_0.05           seqscan            54.87 ms est=     48741 act=     50000
    all                  ext=0 range_0.1              seqscan            52.31 ms est=    210070 act=    211108
    all                  ext=0 tsrange_0.1            seqscan            56.54 ms est=     98134 act=    100000
    all                  ext=0 range_0.2              seqscan            52.91 ms est=    259677 act=    259537
    all                  ext=0 tsrange_0.2            seqscan            57.77 ms est=    199324 act=    200000
    all                  ext=0 range_0.5              seqscan            58.19 ms est=    754754 act=    757376
    all                  ext=0 tsrange_0.5            seqscan            61.99 ms est=    500157 act=    500000
    all                  ext=0 conj_dep_a7            bitmapscan          0.05 ms est=        89 act=        96
    all                  ext=0 conj_indep_a7          bitmapscan          0.04 ms est=       101 act=       109
    all                  ext=0 conj_dep_a44           bitmapscan          0.05 ms est=       101 act=        85
    all                  ext=0 conj_indep_a44         bitmapscan          0.04 ms est=        96 act=        97
    all                  ext=0 conj_dep_a46           bitmapscan          0.05 ms est=       100 act=        91
    all                  ext=0 conj_indep_a46         bitmapscan          0.06 ms est=        87 act=        93
    all                  ext=0 conj_dep_a70           bitmapscan          0.04 ms est=       105 act=        93
    all                  ext=0 conj_indep_a70         bitmapscan          0.05 ms est=        92 act=       111
    all                  ext=0 conj_dep_a80           bitmapscan          0.06 ms est=       102 act=        85
    all                  ext=0 conj_indep_a80         bitmapscan          0.05 ms est=       108 act=       102
    all                  ext=1 conj_dep_a7            bitmapscan          0.05 ms est=       103 act=        96
    all                  ext=1 conj_indep_a7          bitmapscan          0.04 ms est=       101 act=       109
    all                  ext=1 conj_dep_a44           bitmapscan          0.03 ms est=        98 act=        85
    all                  ext=1 conj_indep_a44         bitmapscan          0.05 ms est=        99 act=        97
    all                  ext=1 conj_dep_a46           bitmapscan          0.03 ms est=       109 act=        91
    all                  ext=1 conj_indep_a46         bitmapscan          0.04 ms est=       101 act=        93
    all                  ext=1 conj_dep_a70           bitmapscan          0.03 ms est=       107 act=        93
    all                  ext=1 conj_indep_a70         bitmapscan          0.04 ms est=       108 act=       111
    all                  ext=1 conj_dep_a80           bitmapscan          0.04 ms est=        93 act=        85
    all                  ext=1 conj_indep_a80         bitmapscan          0.03 ms est=        95 act=       102
    none                 ext=1 conj_dep_a7            seqscan            52.73 ms est=        95 act=        96
    none                 ext=1 conj_indep_a7          seqscan            51.52 ms est=        92 act=       109
    none                 ext=1 conj_dep_a44           seqscan            51.30 ms est=        80 act=        85
    none                 ext=1 conj_indep_a44         seqscan            50.44 ms est=       102 act=        97
    none                 ext=1 conj_dep_a46           seqscan            48.05 ms est=        97 act=        91
    none                 ext=1 conj_indep_a46         seqscan            47.48 ms est=        98 act=        93
    none                 ext=1 conj_dep_a70           seqscan            46.44 ms est=       102 act=        93
    none                 ext=1 conj_indep_a70         seqscan            46.28 ms est=       100 act=       111
    none                 ext=1 conj_dep_a80           seqscan            46.17 ms est=       103 act=        85
    none                 ext=1 conj_indep_a80         seqscan            46.01 ms est=       101 act=       102
    btree_a_b_separate   ext=1 conj_dep_a7            bitmapscan          1.59 ms est=       107 act=        96
    btree_a_b_separate   ext=1 conj_indep_a7          bitmapscan          1.48 ms est=       107 act=       109
    btree_a_b_separate   ext=1 conj_dep_a44           bitmapscan          1.65 ms est=       104 act=        85
    btree_a_b_separate   ext=1 conj_indep_a44         bitmapscan          1.77 ms est=       109 act=        97
    btree_a_b_separate   ext=1 conj_dep_a46           bitmapscan          1.67 ms est=       100 act=        91
    btree_a_b_separate   ext=1 conj_indep_a46         bitmapscan          1.65 ms est=       104 act=        93
    btree_a_b_separate   ext=1 conj_dep_a70           bitmapscan          1.40 ms est=        87 act=        93
    btree_a_b_separate   ext=1 conj_indep_a70         bitmapscan          1.68 ms est=       103 act=       111
    btree_a_b_separate   ext=1 conj_dep_a80           bitmapscan          1.73 ms est=        96 act=        85
    btree_a_b_separate   ext=1 conj_indep_a80         bitmapscan          1.54 ms est=       102 act=       102
    btree_ab_composite   ext=1 conj_dep_a7            bitmapscan          0.03 ms est=        99 act=        96
    btree_ab_composite   ext=1 conj_indep_a7          bitmapscan          0.04 ms est=       103 act=       109
    btree_ab_composite   ext=1 conj_dep_a44           bitmapscan          0.04 ms est=        95 act=        85
    btree_ab_composite   ext=1 conj_indep_a44         bitmapscan          0.04 ms est=       108 act=        97
    btree_ab_composite   ext=1 conj_dep_a46           bitmapscan          0.03 ms est=        95 act=        91
    btree_ab_composite   ext=1 conj_indep_a46         bitmapscan          0.03 ms est=       107 act=        93
    btree_ab_composite   ext=1 conj_dep_a70           bitmapscan          0.03 ms est=       103 act=        93
    btree_ab_composite   ext=1 conj_indep_a70         bitmapscan          0.04 ms est=        95 act=       111
    btree_ab_composite   ext=1 conj_dep_a80           bitmapscan          0.03 ms est=       105 act=        85
    btree_ab_composite   ext=1 conj_indep_a80         bitmapscan          0.03 ms est=       108 act=       102
  184 new measurements
  dropped t_skew15

=== dataset dep025 ===
  generated in 1.7s -> t_dep025.csv
  loaded in 1.2s
  ts correlation: designed=0.0 realised=-0.0012 pg_stats=-0.0078102215
  34 queries
    none                 ext=0 eq_v2386               seqscan            70.70 ms est=       100 act=        98
    none                 ext=0 eq_v3442               seqscan            69.91 ms est=       100 act=       150
    none                 ext=0 eq_v4366               seqscan            69.94 ms est=       100 act=       102
    none                 ext=0 eq_v4872               seqscan            68.28 ms est=       100 act=        89
    none                 ext=0 eq_v7103               seqscan            67.78 ms est=       100 act=       105
    none                 ext=0 eq_v7817               seqscan            67.91 ms est=       100 act=       111
    none                 ext=0 eq_v9310               seqscan            67.62 ms est=       100 act=        66
    none                 ext=0 eq_v9461               seqscan            65.72 ms est=       100 act=        94
    none                 ext=0 range_1e-05            seqscan            72.10 ms est=       100 act=       111
    none                 ext=0 tsrange_1e-05          seqscan            77.01 ms est=        14 act=        10
    none                 ext=0 range_0.0001           seqscan            74.94 ms est=       192 act=       213
    none                 ext=0 tsrange_0.0001         seqscan            78.59 ms est=        97 act=       100
    none                 ext=0 range_0.001            seqscan            70.05 ms est=      1037 act=      1154
    none                 ext=0 tsrange_0.001          seqscan            75.63 ms est=      1024 act=      1000
    none                 ext=0 range_0.01             seqscan            67.65 ms est=      9482 act=     10093
    none                 ext=0 tsrange_0.01           seqscan            75.51 ms est=     10165 act=     10000
    none                 ext=0 range_0.05             seqscan            68.51 ms est=     49768 act=     50117
    none                 ext=0 tsrange_0.05           seqscan            74.16 ms est=     52806 act=     50000
    none                 ext=0 range_0.1              seqscan            69.38 ms est=    100393 act=    100104
    none                 ext=0 tsrange_0.1            seqscan            75.34 ms est=    100616 act=    100000
    none                 ext=0 range_0.2              seqscan            70.45 ms est=    200877 act=    200174
    none                 ext=0 tsrange_0.2            seqscan            76.69 ms est=    198464 act=    200000
    none                 ext=0 range_0.5              seqscan            71.39 ms est=    501739 act=    500076
    none                 ext=0 tsrange_0.5            seqscan            82.85 ms est=    493432 act=    500000
    none                 ext=0 conj_dep_a5            seqscan            64.20 ms est=        89 act=      2556
    none                 ext=0 conj_indep_a5          seqscan            64.68 ms est=        91 act=        88
    none                 ext=0 conj_dep_a6            seqscan            67.83 ms est=        97 act=      2533
    none                 ext=0 conj_indep_a6          seqscan            64.40 ms est=       105 act=        76
    none                 ext=0 conj_dep_a33           seqscan            63.92 ms est=       102 act=      2476
    none                 ext=0 conj_indep_a33         seqscan            61.65 ms est=        86 act=        68
    none                 ext=0 conj_dep_a57           seqscan            59.34 ms est=       102 act=      2649
    none                 ext=0 conj_indep_a57         seqscan            57.42 ms est=        96 act=        75
    none                 ext=0 conj_dep_a75           seqscan            56.77 ms est=        96 act=      2619
    none                 ext=0 conj_indep_a75         seqscan            58.44 ms est=        99 act=        65
    btree_skew           ext=0 eq_v2386               bitmapscan          0.04 ms est=        99 act=        98
    btree_skew           ext=0 eq_v3442               bitmapscan          0.09 ms est=        99 act=       150
    btree_skew           ext=0 eq_v4366               bitmapscan          0.05 ms est=        99 act=       102
    btree_skew           ext=0 eq_v4872               bitmapscan          0.04 ms est=        99 act=        89
    btree_skew           ext=0 eq_v7103               bitmapscan          0.04 ms est=        99 act=       105
    btree_skew           ext=0 eq_v7817               bitmapscan          0.04 ms est=        99 act=       111
    btree_skew           ext=0 eq_v9310               bitmapscan          0.02 ms est=        99 act=        66
    btree_skew           ext=0 eq_v9461               bitmapscan          0.03 ms est=        99 act=        94
    btree_skew           ext=0 range_1e-05            bitmapscan          0.06 ms est=        99 act=       111
    btree_skew           ext=0 range_0.0001           bitmapscan          0.08 ms est=       202 act=       213
    btree_skew           ext=0 range_0.001            bitmapscan          0.39 ms est=      1126 act=      1154
    btree_skew           ext=0 range_0.01             bitmapscan          4.22 ms est=     10164 act=     10093
    btree_skew           ext=0 range_0.05             bitmapscan         12.54 ms est=     50312 act=     50117
    btree_skew           ext=0 range_0.1              bitmapscan         16.60 ms est=    101335 act=    100104
    btree_skew           ext=0 range_0.2              bitmapscan         23.82 ms est=    201217 act=    200174
    btree_skew           ext=0 range_0.5              bitmapscan         40.41 ms est=    505402 act=    500076
    hash_skew            ext=0 eq_v2386               bitmapscan          0.04 ms est=       100 act=        98
    hash_skew            ext=0 eq_v3442               bitmapscan          0.05 ms est=       100 act=       150
    hash_skew            ext=0 eq_v4366               bitmapscan          0.06 ms est=       100 act=       102
    hash_skew            ext=0 eq_v4872               bitmapscan          0.03 ms est=       100 act=        89
    hash_skew            ext=0 eq_v7103               bitmapscan          0.04 ms est=       100 act=       105
    hash_skew            ext=0 eq_v7817               bitmapscan          0.04 ms est=       100 act=       111
    hash_skew            ext=0 eq_v9310               bitmapscan          0.03 ms est=       100 act=        66
    hash_skew            ext=0 eq_v9461               bitmapscan          0.04 ms est=       100 act=        94
    brin_skew            ext=0 eq_v2386               seqscan            45.93 ms est=       100 act=        98
    brin_skew            ext=0 eq_v3442               seqscan            44.81 ms est=       100 act=       150
    brin_skew            ext=0 eq_v4366               seqscan            45.11 ms est=       100 act=       102
    brin_skew            ext=0 eq_v4872               seqscan            43.62 ms est=       100 act=        89
    brin_skew            ext=0 eq_v7103               seqscan            42.37 ms est=       100 act=       105
    brin_skew            ext=0 eq_v7817               seqscan            41.87 ms est=       100 act=       111
    brin_skew            ext=0 eq_v9310               seqscan            42.01 ms est=       100 act=        66
    brin_skew            ext=0 eq_v9461               seqscan            41.20 ms est=       100 act=        94
    brin_skew            ext=0 range_1e-05            seqscan            48.10 ms est=       100 act=       111
    brin_skew            ext=0 range_0.0001           seqscan            47.61 ms est=       202 act=       213
    brin_skew            ext=0 range_0.001            seqscan            50.31 ms est=      1118 act=      1154
    brin_skew            ext=0 range_0.01             seqscan            49.84 ms est=     10215 act=     10093
    brin_skew            ext=0 range_0.05             seqscan            48.73 ms est=     50248 act=     50117
    brin_skew            ext=0 range_0.1              seqscan            50.51 ms est=     97938 act=    100104
    brin_skew            ext=0 range_0.2              seqscan            51.27 ms est=    197608 act=    200174
    brin_skew            ext=0 range_0.5              seqscan            55.58 ms est=    494870 act=    500076
    btree_a_b_separate   ext=0 conj_dep_a5            bitmapscan          2.81 ms est=       101 act=      2556
    btree_a_b_separate   ext=0 conj_indep_a5          bitmapscan          1.59 ms est=        92 act=        88
    btree_a_b_separate   ext=0 conj_dep_a6            bitmapscan          2.52 ms est=        92 act=      2533
    btree_a_b_separate   ext=0 conj_indep_a6          bitmapscan          1.58 ms est=        98 act=        76
    btree_a_b_separate   ext=0 conj_dep_a33           bitmapscan          2.87 ms est=        98 act=      2476
    btree_a_b_separate   ext=0 conj_indep_a33         bitmapscan          1.67 ms est=       102 act=        68
    btree_a_b_separate   ext=0 conj_dep_a57           bitmapscan          2.60 ms est=       102 act=      2649
    btree_a_b_separate   ext=0 conj_indep_a57         bitmapscan          1.46 ms est=       105 act=        75
    btree_a_b_separate   ext=0 conj_dep_a75           bitmapscan          2.59 ms est=        92 act=      2619
    btree_a_b_separate   ext=0 conj_indep_a75         bitmapscan          1.64 ms est=        90 act=        65
    btree_ab_composite   ext=0 conj_dep_a5            bitmapscan          0.96 ms est=        99 act=      2556
    btree_ab_composite   ext=0 conj_indep_a5          bitmapscan          0.03 ms est=       111 act=        88
    btree_ab_composite   ext=0 conj_dep_a6            bitmapscan          1.03 ms est=       106 act=      2533
    btree_ab_composite   ext=0 conj_indep_a6          bitmapscan          0.04 ms est=       108 act=        76
    btree_ab_composite   ext=0 conj_dep_a33           bitmapscan          1.07 ms est=        93 act=      2476
    btree_ab_composite   ext=0 conj_indep_a33         bitmapscan          0.03 ms est=        89 act=        68
    btree_ab_composite   ext=0 conj_dep_a57           bitmapscan          1.01 ms est=       108 act=      2649
    btree_ab_composite   ext=0 conj_indep_a57         bitmapscan          0.04 ms est=        92 act=        75
    btree_ab_composite   ext=0 conj_dep_a75           bitmapscan          0.85 ms est=       102 act=      2619
    btree_ab_composite   ext=0 conj_indep_a75         bitmapscan          0.05 ms est=        98 act=        65
    btree_ts             ext=0 tsrange_1e-05          bitmapscan          0.02 ms est=        13 act=        10
    btree_ts             ext=0 tsrange_0.0001         bitmapscan          0.04 ms est=        92 act=       100
    btree_ts             ext=0 tsrange_0.001          bitmapscan          0.43 ms est=       965 act=      1000
    btree_ts             ext=0 tsrange_0.01           bitmapscan          3.83 ms est=      9993 act=     10000
    btree_ts             ext=0 tsrange_0.05           bitmapscan         12.55 ms est=     48630 act=     50000
    btree_ts             ext=0 tsrange_0.1            bitmapscan         17.68 ms est=     98240 act=    100000
    btree_ts             ext=0 tsrange_0.2            bitmapscan         26.54 ms est=    200721 act=    200000
    btree_ts             ext=0 tsrange_0.5            seqscan            63.29 ms est=    497259 act=    500000
    brin_ts              ext=0 tsrange_1e-05          seqscan            54.75 ms est=        14 act=        10
    brin_ts              ext=0 tsrange_0.0001         seqscan            56.35 ms est=       101 act=       100
    brin_ts              ext=0 tsrange_0.001          seqscan            55.11 ms est=      1068 act=      1000
    brin_ts              ext=0 tsrange_0.01           seqscan            54.57 ms est=     10414 act=     10000
    brin_ts              ext=0 tsrange_0.05           seqscan            54.83 ms est=     50155 act=     50000
    brin_ts              ext=0 tsrange_0.1            seqscan            56.28 ms est=     99963 act=    100000
    brin_ts              ext=0 tsrange_0.2            seqscan            59.72 ms est=    197529 act=    200000
    brin_ts              ext=0 tsrange_0.5            seqscan            61.43 ms est=    499787 act=    500000
    all                  ext=0 eq_v2386               bitmapscan          0.04 ms est=       100 act=        98
    all                  ext=0 eq_v3442               bitmapscan          0.05 ms est=       100 act=       150
    all                  ext=0 eq_v4366               bitmapscan          0.04 ms est=       100 act=       102
    all                  ext=0 eq_v4872               bitmapscan          0.04 ms est=       100 act=        89
    all                  ext=0 eq_v7103               bitmapscan          0.07 ms est=       100 act=       105
    all                  ext=0 eq_v7817               bitmapscan          0.05 ms est=       100 act=       111
    all                  ext=0 eq_v9310               bitmapscan          0.03 ms est=       100 act=        66
    all                  ext=0 eq_v9461               bitmapscan          0.04 ms est=       100 act=        94
    all                  ext=0 range_1e-05            bitmapscan          0.04 ms est=       100 act=       111
    all                  ext=0 tsrange_1e-05          bitmapscan          0.01 ms est=        13 act=        10
    all                  ext=0 range_0.0001           bitmapscan          0.08 ms est=       205 act=       213
    all                  ext=0 tsrange_0.0001         bitmapscan          0.06 ms est=        94 act=       100
    all                  ext=0 range_0.001            indexscan           0.20 ms est=      1148 act=      1154
    all                  ext=0 tsrange_0.001          indexscan           0.19 ms est=       993 act=      1000
    all                  ext=0 range_0.01             seqscan            54.01 ms est=     10143 act=     10093
    all                  ext=0 tsrange_0.01           seqscan            59.47 ms est=      9617 act=     10000
    all                  ext=0 range_0.05             seqscan            52.65 ms est=     50522 act=     50117
    all                  ext=0 tsrange_0.05           seqscan            58.67 ms est=     47852 act=     50000
    all                  ext=0 range_0.1              seqscan            52.29 ms est=    102977 act=    100104
    all                  ext=0 tsrange_0.1            seqscan            58.88 ms est=     98499 act=    100000
    all                  ext=0 range_0.2              seqscan            54.14 ms est=    204503 act=    200174
    all                  ext=0 tsrange_0.2            seqscan            60.23 ms est=    199731 act=    200000
    all                  ext=0 range_0.5              seqscan            56.95 ms est=    503381 act=    500076
    all                  ext=0 tsrange_0.5            seqscan            63.91 ms est=    504237 act=    500000
    all                  ext=0 conj_dep_a5            bitmapscan          1.04 ms est=       107 act=      2556
    all                  ext=0 conj_indep_a5          bitmapscan          0.03 ms est=       111 act=        88
    all                  ext=0 conj_dep_a6            bitmapscan          0.91 ms est=        90 act=      2533
    all                  ext=0 conj_indep_a6          bitmapscan          0.04 ms est=        91 act=        76
    all                  ext=0 conj_dep_a33           bitmapscan          0.95 ms est=        93 act=      2476
    all                  ext=0 conj_indep_a33         bitmapscan          0.03 ms est=       115 act=        68
    all                  ext=0 conj_dep_a57           bitmapscan          0.91 ms est=       105 act=      2649
    all                  ext=0 conj_indep_a57         bitmapscan          0.03 ms est=       104 act=        75
    all                  ext=0 conj_dep_a75           bitmapscan          0.95 ms est=       111 act=      2619
    all                  ext=0 conj_indep_a75         bitmapscan          0.03 ms est=       116 act=        65
    all                  ext=1 conj_dep_a5            bitmapscan          2.48 ms est=      2833 act=      2556
    all                  ext=1 conj_indep_a5          bitmapscan          0.04 ms est=       110 act=        88
    all                  ext=1 conj_dep_a6            bitmapscan          2.54 ms est=      2500 act=      2533
    all                  ext=1 conj_indep_a6          bitmapscan          0.05 ms est=        98 act=        76
    all                  ext=1 conj_dep_a33           bitmapscan          2.86 ms est=      2900 act=      2476
    all                  ext=1 conj_indep_a33         bitmapscan          0.05 ms est=       109 act=        68
    all                  ext=1 conj_dep_a57           bitmapscan          2.51 ms est=      2267 act=      2649
    all                  ext=1 conj_indep_a57         bitmapscan          0.03 ms est=        98 act=        75
    all                  ext=1 conj_dep_a75           bitmapscan          2.70 ms est=      2767 act=      2619
    all                  ext=1 conj_indep_a75         bitmapscan          0.03 ms est=       110 act=        65
    none                 ext=1 conj_dep_a5            seqscan            50.93 ms est=      2200 act=      2556
    none                 ext=1 conj_indep_a5          seqscan            49.49 ms est=       105 act=        88
    none                 ext=1 conj_dep_a6            seqscan            49.25 ms est=      2767 act=      2533
    none                 ext=1 conj_indep_a6          seqscan            47.12 ms est=       102 act=        76
    none                 ext=1 conj_dep_a33           seqscan            47.76 ms est=      2367 act=      2476
    none                 ext=1 conj_indep_a33         seqscan            47.13 ms est=        99 act=        68
    none                 ext=1 conj_dep_a57           seqscan            48.28 ms est=      2800 act=      2649
    none                 ext=1 conj_indep_a57         seqscan            47.72 ms est=       109 act=        75
    none                 ext=1 conj_dep_a75           seqscan            46.62 ms est=      2433 act=      2619
    none                 ext=1 conj_indep_a75         seqscan            47.48 ms est=       106 act=        65
    btree_a_b_separate   ext=1 conj_dep_a5            bitmapscan          2.80 ms est=      2367 act=      2556
    btree_a_b_separate   ext=1 conj_indep_a5          bitmapscan          1.51 ms est=       108 act=        88
    btree_a_b_separate   ext=1 conj_dep_a6            bitmapscan          2.58 ms est=      2200 act=      2533
    btree_a_b_separate   ext=1 conj_indep_a6          bitmapscan          1.73 ms est=        86 act=        76
    btree_a_b_separate   ext=1 conj_dep_a33           bitmapscan          2.77 ms est=      2567 act=      2476
    btree_a_b_separate   ext=1 conj_indep_a33         bitmapscan          1.36 ms est=        91 act=        68
    btree_a_b_separate   ext=1 conj_dep_a57           bitmapscan          2.63 ms est=      2600 act=      2649
    btree_a_b_separate   ext=1 conj_indep_a57         bitmapscan          1.37 ms est=        95 act=        75
    btree_a_b_separate   ext=1 conj_dep_a75           bitmapscan          3.13 ms est=      2667 act=      2619
    btree_a_b_separate   ext=1 conj_indep_a75         bitmapscan          1.58 ms est=       108 act=        65
    btree_ab_composite   ext=1 conj_dep_a5            bitmapscan          1.09 ms est=      2167 act=      2556
    btree_ab_composite   ext=1 conj_indep_a5          bitmapscan          0.03 ms est=        98 act=        88
    btree_ab_composite   ext=1 conj_dep_a6            bitmapscan          1.01 ms est=      2033 act=      2533
    btree_ab_composite   ext=1 conj_indep_a6          bitmapscan          0.03 ms est=        88 act=        76
    btree_ab_composite   ext=1 conj_dep_a33           bitmapscan          0.90 ms est=      2267 act=      2476
    btree_ab_composite   ext=1 conj_indep_a33         bitmapscan          0.04 ms est=        98 act=        68
    btree_ab_composite   ext=1 conj_dep_a57           bitmapscan          0.92 ms est=      3100 act=      2649
    btree_ab_composite   ext=1 conj_indep_a57         bitmapscan          0.04 ms est=        98 act=        75
    btree_ab_composite   ext=1 conj_dep_a75           bitmapscan          0.88 ms est=      2833 act=      2619
    btree_ab_composite   ext=1 conj_indep_a75         bitmapscan          0.03 ms est=       106 act=        65
  184 new measurements
  dropped t_dep025

=== dataset dep05 ===
  generated in 1.7s -> t_dep05.csv
  loaded in 1.2s
  ts correlation: designed=0.0 realised=-0.0012 pg_stats=-0.004247475
  34 queries
    none                 ext=0 eq_v2386               seqscan            69.78 ms est=       100 act=        98
    none                 ext=0 eq_v3442               seqscan            69.63 ms est=       100 act=       150
    none                 ext=0 eq_v4366               seqscan            69.33 ms est=       100 act=       102
    none                 ext=0 eq_v4872               seqscan            68.46 ms est=       100 act=        89
    none                 ext=0 eq_v7103               seqscan            69.29 ms est=       100 act=       105
    none                 ext=0 eq_v7817               seqscan            67.93 ms est=       100 act=       111
    none                 ext=0 eq_v9310               seqscan            66.83 ms est=       100 act=        66
    none                 ext=0 eq_v9461               seqscan            65.25 ms est=       100 act=        94
    none                 ext=0 range_1e-05            seqscan            70.14 ms est=       100 act=       111
    none                 ext=0 tsrange_1e-05          seqscan            75.76 ms est=        14 act=        10
    none                 ext=0 range_0.0001           seqscan            66.80 ms est=       197 act=       213
    none                 ext=0 tsrange_0.0001         seqscan            72.68 ms est=        96 act=       100
    none                 ext=0 range_0.001            seqscan            65.30 ms est=      1077 act=      1154
    none                 ext=0 tsrange_0.001          seqscan            70.95 ms est=      1008 act=      1000
    none                 ext=0 range_0.01             seqscan            62.97 ms est=      9633 act=     10093
    none                 ext=0 tsrange_0.01           seqscan            70.43 ms est=      9843 act=     10000
    none                 ext=0 range_0.05             seqscan            62.60 ms est=     49015 act=     50117
    none                 ext=0 tsrange_0.05           seqscan            70.99 ms est=     49478 act=     50000
    none                 ext=0 range_0.1              seqscan            63.66 ms est=    101215 act=    100104
    none                 ext=0 tsrange_0.1            seqscan            68.98 ms est=    100407 act=    100000
    none                 ext=0 range_0.2              seqscan            64.75 ms est=    200177 act=    200174
    none                 ext=0 tsrange_0.2            seqscan            70.25 ms est=    203526 act=    200000
    none                 ext=0 range_0.5              seqscan            67.47 ms est=    501898 act=    500076
    none                 ext=0 tsrange_0.5            seqscan            72.99 ms est=    500602 act=    500000
    none                 ext=0 conj_dep_a5            seqscan            55.13 ms est=        98 act=      5053
    none                 ext=0 conj_indep_a5          seqscan            55.87 ms est=        97 act=        58
    none                 ext=0 conj_dep_a6            seqscan            56.09 ms est=        99 act=      4852
    none                 ext=0 conj_indep_a6          seqscan            54.42 ms est=        99 act=        51
    none                 ext=0 conj_dep_a33           seqscan            54.05 ms est=        98 act=      5000
    none                 ext=0 conj_indep_a33         seqscan            54.62 ms est=        97 act=        47
    none                 ext=0 conj_dep_a57           seqscan            52.43 ms est=       107 act=      5119
    none                 ext=0 conj_indep_a57         seqscan            51.01 ms est=       111 act=        43
    none                 ext=0 conj_dep_a75           seqscan            51.97 ms est=       108 act=      5101
    none                 ext=0 conj_indep_a75         seqscan            50.76 ms est=       110 act=        47
    btree_skew           ext=0 eq_v2386               bitmapscan          0.05 ms est=        99 act=        98
    btree_skew           ext=0 eq_v3442               bitmapscan          0.05 ms est=        99 act=       150
    btree_skew           ext=0 eq_v4366               bitmapscan          0.03 ms est=        99 act=       102
    btree_skew           ext=0 eq_v4872               bitmapscan          0.04 ms est=        99 act=        89
    btree_skew           ext=0 eq_v7103               bitmapscan          0.03 ms est=        99 act=       105
    btree_skew           ext=0 eq_v7817               bitmapscan          0.05 ms est=        99 act=       111
    btree_skew           ext=0 eq_v9310               bitmapscan          0.03 ms est=        99 act=        66
    btree_skew           ext=0 eq_v9461               bitmapscan          0.03 ms est=        99 act=        94
    btree_skew           ext=0 range_1e-05            bitmapscan          0.04 ms est=        99 act=       111
    btree_skew           ext=0 range_0.0001           bitmapscan          0.06 ms est=       208 act=       213
    btree_skew           ext=0 range_0.001            bitmapscan          0.37 ms est=      1182 act=      1154
    btree_skew           ext=0 range_0.01             bitmapscan          4.26 ms est=     10239 act=     10093
    btree_skew           ext=0 range_0.05             bitmapscan         11.41 ms est=     50797 act=     50117
    btree_skew           ext=0 range_0.1              bitmapscan         16.43 ms est=    100176 act=    100104
    btree_skew           ext=0 range_0.2              bitmapscan         25.50 ms est=    201196 act=    200174
    btree_skew           ext=0 range_0.5              bitmapscan         41.28 ms est=    503122 act=    500076
    hash_skew            ext=0 eq_v2386               bitmapscan          0.05 ms est=       100 act=        98
    hash_skew            ext=0 eq_v3442               bitmapscan          0.05 ms est=       100 act=       150
    hash_skew            ext=0 eq_v4366               bitmapscan          0.04 ms est=       100 act=       102
    hash_skew            ext=0 eq_v4872               bitmapscan          0.03 ms est=       100 act=        89
    hash_skew            ext=0 eq_v7103               bitmapscan          0.04 ms est=       100 act=       105
    hash_skew            ext=0 eq_v7817               bitmapscan          0.04 ms est=       100 act=       111
    hash_skew            ext=0 eq_v9310               bitmapscan          0.02 ms est=       100 act=        66
    hash_skew            ext=0 eq_v9461               bitmapscan          0.07 ms est=       100 act=        94
    brin_skew            ext=0 eq_v2386               seqscan            40.31 ms est=       100 act=        98
    brin_skew            ext=0 eq_v3442               seqscan            39.63 ms est=       100 act=       150
    brin_skew            ext=0 eq_v4366               seqscan            38.68 ms est=       100 act=       102
    brin_skew            ext=0 eq_v4872               seqscan            38.61 ms est=       100 act=        89
    brin_skew            ext=0 eq_v7103               seqscan            38.05 ms est=       100 act=       105
    brin_skew            ext=0 eq_v7817               seqscan            36.92 ms est=       100 act=       111
    brin_skew            ext=0 eq_v9310               seqscan            37.24 ms est=       100 act=        66
    brin_skew            ext=0 eq_v9461               seqscan            36.65 ms est=       100 act=        94
    brin_skew            ext=0 range_1e-05            seqscan            42.49 ms est=       100 act=       111
    brin_skew            ext=0 range_0.0001           seqscan            43.50 ms est=       195 act=       213
    brin_skew            ext=0 range_0.001            seqscan            43.63 ms est=      1057 act=      1154
    brin_skew            ext=0 range_0.01             seqscan            43.73 ms est=      9550 act=     10093
    brin_skew            ext=0 range_0.05             seqscan            44.02 ms est=     49011 act=     50117
    brin_skew            ext=0 range_0.1              seqscan            44.30 ms est=     96943 act=    100104
    brin_skew            ext=0 range_0.2              seqscan            46.14 ms est=    198263 act=    200174
    brin_skew            ext=0 range_0.5              seqscan            49.78 ms est=    495145 act=    500076
    btree_a_b_separate   ext=0 conj_dep_a5            bitmapscan          3.68 ms est=        88 act=      5053
    btree_a_b_separate   ext=0 conj_indep_a5          bitmapscan          1.51 ms est=        92 act=        58
    btree_a_b_separate   ext=0 conj_dep_a6            bitmapscan          3.19 ms est=        91 act=      4852
    btree_a_b_separate   ext=0 conj_indep_a6          bitmapscan          1.35 ms est=        93 act=        51
    btree_a_b_separate   ext=0 conj_dep_a33           bitmapscan          3.38 ms est=        90 act=      5000
    btree_a_b_separate   ext=0 conj_indep_a33         bitmapscan          1.53 ms est=        90 act=        47
    btree_a_b_separate   ext=0 conj_dep_a57           bitmapscan          3.67 ms est=       109 act=      5119
    btree_a_b_separate   ext=0 conj_indep_a57         bitmapscan          1.49 ms est=       103 act=        43
    btree_a_b_separate   ext=0 conj_dep_a75           bitmapscan          3.89 ms est=       102 act=      5101
    btree_a_b_separate   ext=0 conj_indep_a75         bitmapscan          1.73 ms est=        93 act=        47
    btree_ab_composite   ext=0 conj_dep_a5            bitmapscan          2.06 ms est=        97 act=      5053
    btree_ab_composite   ext=0 conj_indep_a5          bitmapscan          0.03 ms est=       102 act=        58
    btree_ab_composite   ext=0 conj_dep_a6            bitmapscan          1.78 ms est=       113 act=      4852
    btree_ab_composite   ext=0 conj_indep_a6          bitmapscan          0.04 ms est=       103 act=        51
    btree_ab_composite   ext=0 conj_dep_a33           bitmapscan          2.18 ms est=        94 act=      5000
    btree_ab_composite   ext=0 conj_indep_a33         bitmapscan          0.02 ms est=        97 act=        47
    btree_ab_composite   ext=0 conj_dep_a57           bitmapscan          1.98 ms est=        97 act=      5119
    btree_ab_composite   ext=0 conj_indep_a57         bitmapscan          0.03 ms est=        95 act=        43
    btree_ab_composite   ext=0 conj_dep_a75           bitmapscan          2.22 ms est=       105 act=      5101
    btree_ab_composite   ext=0 conj_indep_a75         bitmapscan          0.03 ms est=        95 act=        47
    btree_ts             ext=0 tsrange_1e-05          bitmapscan          0.02 ms est=        13 act=        10
    btree_ts             ext=0 tsrange_0.0001         bitmapscan          0.04 ms est=        90 act=       100
    btree_ts             ext=0 tsrange_0.001          bitmapscan          0.34 ms est=       944 act=      1000
    btree_ts             ext=0 tsrange_0.01           bitmapscan          3.86 ms est=      9432 act=     10000
    btree_ts             ext=0 tsrange_0.05           bitmapscan         12.28 ms est=     49046 act=     50000
    btree_ts             ext=0 tsrange_0.1            bitmapscan         17.24 ms est=     97721 act=    100000
    btree_ts             ext=0 tsrange_0.2            bitmapscan         26.49 ms est=    198001 act=    200000
    btree_ts             ext=0 tsrange_0.5            seqscan            57.94 ms est=    499671 act=    500000
    brin_ts              ext=0 tsrange_1e-05          seqscan            48.34 ms est=        14 act=        10
    brin_ts              ext=0 tsrange_0.0001         seqscan            48.26 ms est=        97 act=       100
    brin_ts              ext=0 tsrange_0.001          seqscan            48.76 ms est=      1026 act=      1000
    brin_ts              ext=0 tsrange_0.01           seqscan            49.53 ms est=     10234 act=     10000
    brin_ts              ext=0 tsrange_0.05           seqscan            51.21 ms est=     48963 act=     50000
    brin_ts              ext=0 tsrange_0.1            seqscan            51.31 ms est=     98684 act=    100000
    brin_ts              ext=0 tsrange_0.2            seqscan            53.00 ms est=    200511 act=    200000
    brin_ts              ext=0 tsrange_0.5            seqscan            57.62 ms est=    493455 act=    500000
    all                  ext=0 eq_v2386               bitmapscan          0.04 ms est=       100 act=        98
    all                  ext=0 eq_v3442               bitmapscan          0.06 ms est=       100 act=       150
    all                  ext=0 eq_v4366               bitmapscan          0.04 ms est=       100 act=       102
    all                  ext=0 eq_v4872               bitmapscan          0.04 ms est=       100 act=        89
    all                  ext=0 eq_v7103               bitmapscan          0.04 ms est=       100 act=       105
    all                  ext=0 eq_v7817               bitmapscan          0.04 ms est=       100 act=       111
    all                  ext=0 eq_v9310               bitmapscan          0.03 ms est=       100 act=        66
    all                  ext=0 eq_v9461               bitmapscan          0.04 ms est=       100 act=        94
    all                  ext=0 range_1e-05            bitmapscan          0.04 ms est=       100 act=       111
    all                  ext=0 tsrange_1e-05          bitmapscan          0.02 ms est=        14 act=        10
    all                  ext=0 range_0.0001           bitmapscan          0.09 ms est=       203 act=       213
    all                  ext=0 tsrange_0.0001         bitmapscan          0.04 ms est=       100 act=       100
    all                  ext=0 range_0.001            indexscan           0.19 ms est=      1127 act=      1154
    all                  ext=0 tsrange_0.001          indexscan           0.18 ms est=      1050 act=      1000
    all                  ext=0 range_0.01             seqscan            46.70 ms est=     10160 act=     10093
    all                  ext=0 tsrange_0.01           seqscan            52.31 ms est=     10579 act=     10000
    all                  ext=0 range_0.05             seqscan            45.81 ms est=     51152 act=     50117
    all                  ext=0 tsrange_0.05           seqscan            51.60 ms est=     52368 act=     50000
    all                  ext=0 range_0.1              seqscan            46.18 ms est=    103554 act=    100104
    all                  ext=0 tsrange_0.1            seqscan            51.01 ms est=    101647 act=    100000
    all                  ext=0 range_0.2              seqscan            47.31 ms est=    204758 act=    200174
    all                  ext=0 tsrange_0.2            seqscan            53.09 ms est=    200598 act=    200000
    all                  ext=0 range_0.5              seqscan            50.25 ms est=    506216 act=    500076
    all                  ext=0 tsrange_0.5            seqscan            56.48 ms est=    500804 act=    500000
    all                  ext=0 conj_dep_a5            bitmapscan          2.12 ms est=       113 act=      5053
    all                  ext=0 conj_indep_a5          bitmapscan          0.03 ms est=       104 act=        58
    all                  ext=0 conj_dep_a6            bitmapscan          1.88 ms est=        96 act=      4852
    all                  ext=0 conj_indep_a6          bitmapscan          0.02 ms est=        94 act=        51
    all                  ext=0 conj_dep_a33           bitmapscan          2.12 ms est=        86 act=      5000
    all                  ext=0 conj_indep_a33         bitmapscan          0.03 ms est=       103 act=        47
    all                  ext=0 conj_dep_a57           bitmapscan          2.17 ms est=       111 act=      5119
    all                  ext=0 conj_indep_a57         bitmapscan          0.02 ms est=        96 act=        43
    all                  ext=0 conj_dep_a75           bitmapscan          2.21 ms est=       103 act=      5101
    all                  ext=0 conj_indep_a75         bitmapscan          0.02 ms est=        96 act=        47
    all                  ext=1 conj_dep_a5            bitmapscan          3.79 ms est=      5200 act=      5053
    all                  ext=1 conj_indep_a5          bitmapscan          0.03 ms est=        96 act=        58
    all                  ext=1 conj_dep_a6            bitmapscan          3.00 ms est=      4700 act=      4852
    all                  ext=1 conj_indep_a6          bitmapscan          0.03 ms est=        88 act=        51
    all                  ext=1 conj_dep_a33           bitmapscan          3.95 ms est=      5533 act=      5000
    all                  ext=1 conj_indep_a33         bitmapscan          0.02 ms est=        89 act=        47
    all                  ext=1 conj_dep_a57           bitmapscan          3.53 ms est=      5433 act=      5119
    all                  ext=1 conj_indep_a57         bitmapscan          0.02 ms est=       102 act=        43
    all                  ext=1 conj_dep_a75           bitmapscan          3.45 ms est=      4900 act=      5101
    all                  ext=1 conj_indep_a75         bitmapscan          0.04 ms est=       108 act=        47
    none                 ext=1 conj_dep_a5            seqscan            42.18 ms est=      4900 act=      5053
    none                 ext=1 conj_indep_a5          seqscan            41.84 ms est=       103 act=        58
    none                 ext=1 conj_dep_a6            seqscan            41.11 ms est=      4633 act=      4852
    none                 ext=1 conj_indep_a6          seqscan            40.46 ms est=        89 act=        51
    none                 ext=1 conj_dep_a33           seqscan            41.32 ms est=      4700 act=      5000
    none                 ext=1 conj_indep_a33         seqscan            40.14 ms est=       111 act=        47
    none                 ext=1 conj_dep_a57           seqscan            40.67 ms est=      5133 act=      5119
    none                 ext=1 conj_indep_a57         seqscan            40.18 ms est=        97 act=        43
    none                 ext=1 conj_dep_a75           seqscan            39.96 ms est=      5200 act=      5101
    none                 ext=1 conj_indep_a75         seqscan            39.90 ms est=       102 act=        47
    btree_a_b_separate   ext=1 conj_dep_a5            bitmapscan          3.71 ms est=      5733 act=      5053
    btree_a_b_separate   ext=1 conj_indep_a5          bitmapscan          1.37 ms est=       110 act=        58
    btree_a_b_separate   ext=1 conj_dep_a6            bitmapscan          3.35 ms est=      4733 act=      4852
    btree_a_b_separate   ext=1 conj_indep_a6          bitmapscan          1.59 ms est=        96 act=        51
    btree_a_b_separate   ext=1 conj_dep_a33           bitmapscan          3.43 ms est=      5033 act=      5000
    btree_a_b_separate   ext=1 conj_indep_a33         bitmapscan          1.77 ms est=       103 act=        47
    btree_a_b_separate   ext=1 conj_dep_a57           bitmapscan          3.60 ms est=      5633 act=      5119
    btree_a_b_separate   ext=1 conj_indep_a57         bitmapscan          1.68 ms est=       107 act=        43
    btree_a_b_separate   ext=1 conj_dep_a75           bitmapscan          3.37 ms est=      4833 act=      5101
    btree_a_b_separate   ext=1 conj_indep_a75         bitmapscan          1.53 ms est=       105 act=        47
    btree_ab_composite   ext=1 conj_dep_a5            bitmapscan          2.02 ms est=      5300 act=      5053
    btree_ab_composite   ext=1 conj_indep_a5          bitmapscan          0.03 ms est=       104 act=        58
    btree_ab_composite   ext=1 conj_dep_a6            bitmapscan          1.98 ms est=      5167 act=      4852
    btree_ab_composite   ext=1 conj_indep_a6          bitmapscan          0.03 ms est=        85 act=        51
    btree_ab_composite   ext=1 conj_dep_a33           bitmapscan          1.92 ms est=      5667 act=      5000
    btree_ab_composite   ext=1 conj_indep_a33         bitmapscan          0.02 ms est=       110 act=        47
    btree_ab_composite   ext=1 conj_dep_a57           bitmapscan          2.25 ms est=      4967 act=      5119
    btree_ab_composite   ext=1 conj_indep_a57         bitmapscan          0.02 ms est=       102 act=        43
    btree_ab_composite   ext=1 conj_dep_a75           bitmapscan          2.10 ms est=      5200 act=      5101
    btree_ab_composite   ext=1 conj_indep_a75         bitmapscan          0.03 ms est=       111 act=        47
  184 new measurements
  dropped t_dep05

=== dataset dep075 ===
  generated in 1.7s -> t_dep075.csv
  loaded in 1.2s
  ts correlation: designed=0.0 realised=-0.0012 pg_stats=0.008992219
  34 queries
    none                 ext=0 eq_v2386               seqscan            71.28 ms est=       100 act=        98
    none                 ext=0 eq_v3442               seqscan            69.24 ms est=       100 act=       150
    none                 ext=0 eq_v4366               seqscan            69.32 ms est=       100 act=       102
    none                 ext=0 eq_v4872               seqscan            70.33 ms est=       100 act=        89
    none                 ext=0 eq_v7103               seqscan            69.83 ms est=       100 act=       105
    none                 ext=0 eq_v7817               seqscan            68.14 ms est=       100 act=       111
    none                 ext=0 eq_v9310               seqscan            67.39 ms est=       100 act=        66
    none                 ext=0 eq_v9461               seqscan            67.05 ms est=       100 act=        94
    none                 ext=0 range_1e-05            seqscan            72.80 ms est=       100 act=       111
    none                 ext=0 tsrange_1e-05          seqscan            78.84 ms est=        14 act=        10
    none                 ext=0 range_0.0001           seqscan            71.23 ms est=       193 act=       213
    none                 ext=0 tsrange_0.0001         seqscan            77.28 ms est=        99 act=       100
    none                 ext=0 range_0.001            seqscan            70.53 ms est=      1031 act=      1154
    none                 ext=0 tsrange_0.001          seqscan            76.64 ms est=      1048 act=      1000
    none                 ext=0 range_0.01             seqscan            69.18 ms est=      9255 act=     10093
    none                 ext=0 tsrange_0.01           seqscan            75.66 ms est=     10029 act=     10000
    none                 ext=0 range_0.05             seqscan            70.09 ms est=     49115 act=     50117
    none                 ext=0 tsrange_0.05           seqscan            75.02 ms est=     50366 act=     50000
    none                 ext=0 range_0.1              seqscan            69.60 ms est=     98625 act=    100104
    none                 ext=0 tsrange_0.1            seqscan            76.05 ms est=     99917 act=    100000
    none                 ext=0 range_0.2              seqscan            70.73 ms est=    196194 act=    200174
    none                 ext=0 tsrange_0.2            seqscan            78.05 ms est=    199302 act=    200000
    none                 ext=0 range_0.5              seqscan            74.50 ms est=    502299 act=    500076
    none                 ext=0 tsrange_0.5            seqscan            81.25 ms est=    498959 act=    500000
    none                 ext=0 conj_dep_a5            seqscan            63.76 ms est=       123 act=      7513
    none                 ext=0 conj_indep_a5          seqscan            63.16 ms est=       106 act=        30
    none                 ext=0 conj_dep_a6            seqscan            62.69 ms est=        98 act=      7246
    none                 ext=0 conj_indep_a6          seqscan            61.03 ms est=       105 act=        24
    none                 ext=0 conj_dep_a33           seqscan            60.67 ms est=       112 act=      7417
    none                 ext=0 conj_indep_a33         seqscan            58.96 ms est=       100 act=        27
    none                 ext=0 conj_dep_a57           seqscan            57.65 ms est=       104 act=      7608
    none                 ext=0 conj_indep_a57         seqscan            55.66 ms est=       104 act=        27
    none                 ext=0 conj_dep_a75           seqscan            53.57 ms est=        92 act=      7527
    none                 ext=0 conj_indep_a75         seqscan            53.11 ms est=       100 act=        26
    btree_skew           ext=0 eq_v2386               bitmapscan          0.03 ms est=       100 act=        98
    btree_skew           ext=0 eq_v3442               bitmapscan          0.05 ms est=       100 act=       150
    btree_skew           ext=0 eq_v4366               bitmapscan          0.04 ms est=       100 act=       102
    btree_skew           ext=0 eq_v4872               bitmapscan          0.03 ms est=       100 act=        89
    btree_skew           ext=0 eq_v7103               bitmapscan          0.04 ms est=       100 act=       105
    btree_skew           ext=0 eq_v7817               bitmapscan          0.04 ms est=       100 act=       111
    btree_skew           ext=0 eq_v9310               bitmapscan          0.02 ms est=       100 act=        66
    btree_skew           ext=0 eq_v9461               bitmapscan          0.04 ms est=       100 act=        94
    btree_skew           ext=0 range_1e-05            bitmapscan          0.05 ms est=       100 act=       111
    btree_skew           ext=0 range_0.0001           bitmapscan          0.08 ms est=       205 act=       213
    btree_skew           ext=0 range_0.001            bitmapscan          0.40 ms est=      1149 act=      1154
    btree_skew           ext=0 range_0.01             bitmapscan          3.93 ms est=     10530 act=     10093
    btree_skew           ext=0 range_0.05             bitmapscan         12.23 ms est=     49573 act=     50117
    btree_skew           ext=0 range_0.1              bitmapscan         17.57 ms est=    101007 act=    100104
    btree_skew           ext=0 range_0.2              bitmapscan         25.65 ms est=    199518 act=    200174
    btree_skew           ext=0 range_0.5              bitmapscan         42.43 ms est=    500877 act=    500076
    hash_skew            ext=0 eq_v2386               bitmapscan          0.07 ms est=       100 act=        98
    hash_skew            ext=0 eq_v3442               bitmapscan          0.05 ms est=       100 act=       150
    hash_skew            ext=0 eq_v4366               bitmapscan          0.04 ms est=       100 act=       102
    hash_skew            ext=0 eq_v4872               bitmapscan          0.03 ms est=       100 act=        89
    hash_skew            ext=0 eq_v7103               bitmapscan          0.04 ms est=       100 act=       105
    hash_skew            ext=0 eq_v7817               bitmapscan          0.04 ms est=       100 act=       111
    hash_skew            ext=0 eq_v9310               bitmapscan          0.03 ms est=       100 act=        66
    hash_skew            ext=0 eq_v9461               bitmapscan          0.04 ms est=       100 act=        94
    brin_skew            ext=0 eq_v2386               seqscan            41.49 ms est=       100 act=        98
    brin_skew            ext=0 eq_v3442               seqscan            40.18 ms est=       100 act=       150
    brin_skew            ext=0 eq_v4366               seqscan            39.28 ms est=       100 act=       102
    brin_skew            ext=0 eq_v4872               seqscan            38.51 ms est=       100 act=        89
    brin_skew            ext=0 eq_v7103               seqscan            39.00 ms est=       100 act=       105
    brin_skew            ext=0 eq_v7817               seqscan            37.74 ms est=       100 act=       111
    brin_skew            ext=0 eq_v9310               seqscan            35.97 ms est=       100 act=        66
    brin_skew            ext=0 eq_v9461               seqscan            36.09 ms est=       100 act=        94
    brin_skew            ext=0 range_1e-05            seqscan            42.29 ms est=       100 act=       111
    brin_skew            ext=0 range_0.0001           seqscan            42.62 ms est=       193 act=       213
    brin_skew            ext=0 range_0.001            seqscan            43.27 ms est=      1031 act=      1154
    brin_skew            ext=0 range_0.01             seqscan            42.58 ms est=      9262 act=     10093
    brin_skew            ext=0 range_0.05             seqscan            43.90 ms est=     48414 act=     50117
    brin_skew            ext=0 range_0.1              seqscan            45.56 ms est=     97130 act=    100104
    brin_skew            ext=0 range_0.2              seqscan            47.19 ms est=    197319 act=    200174
    brin_skew            ext=0 range_0.5              seqscan            50.86 ms est=    498756 act=    500076
    btree_a_b_separate   ext=0 conj_dep_a5            bitmapscan          4.52 ms est=        86 act=      7513
    btree_a_b_separate   ext=0 conj_indep_a5          bitmapscan          1.35 ms est=        95 act=        30
    btree_a_b_separate   ext=0 conj_dep_a6            bitmapscan          4.05 ms est=       101 act=      7246
    btree_a_b_separate   ext=0 conj_indep_a6          bitmapscan          1.78 ms est=       101 act=        24
    btree_a_b_separate   ext=0 conj_dep_a33           bitmapscan          4.31 ms est=        93 act=      7417
    btree_a_b_separate   ext=0 conj_indep_a33         bitmapscan          1.65 ms est=        83 act=        27
    btree_a_b_separate   ext=0 conj_dep_a57           bitmapscan          4.74 ms est=       100 act=      7608
    btree_a_b_separate   ext=0 conj_indep_a57         bitmapscan          1.42 ms est=       105 act=        27
    btree_a_b_separate   ext=0 conj_dep_a75           bitmapscan          4.61 ms est=        96 act=      7527
    btree_a_b_separate   ext=0 conj_indep_a75         bitmapscan          1.38 ms est=       102 act=        26
    btree_ab_composite   ext=0 conj_dep_a5            bitmapscan          2.81 ms est=        98 act=      7513
    btree_ab_composite   ext=0 conj_indep_a5          bitmapscan          0.01 ms est=        90 act=        30
    btree_ab_composite   ext=0 conj_dep_a6            bitmapscan          2.99 ms est=        87 act=      7246
    btree_ab_composite   ext=0 conj_indep_a6          bitmapscan          0.02 ms est=        87 act=        24
    btree_ab_composite   ext=0 conj_dep_a33           bitmapscan          2.95 ms est=       118 act=      7417
    btree_ab_composite   ext=0 conj_indep_a33         bitmapscan          0.02 ms est=       104 act=        27
    btree_ab_composite   ext=0 conj_dep_a57           bitmapscan          2.95 ms est=       115 act=      7608
    btree_ab_composite   ext=0 conj_indep_a57         bitmapscan          0.02 ms est=        97 act=        27
    btree_ab_composite   ext=0 conj_dep_a75           bitmapscan          3.01 ms est=       104 act=      7527
    btree_ab_composite   ext=0 conj_indep_a75         bitmapscan          0.02 ms est=       110 act=        26
    btree_ts             ext=0 tsrange_1e-05          bitmapscan          0.01 ms est=        13 act=        10
    btree_ts             ext=0 tsrange_0.0001         bitmapscan          0.04 ms est=        94 act=       100
    btree_ts             ext=0 tsrange_0.001          bitmapscan          0.34 ms est=       996 act=      1000
    btree_ts             ext=0 tsrange_0.01           bitmapscan          3.96 ms est=      9849 act=     10000
    btree_ts             ext=0 tsrange_0.05           bitmapscan         12.47 ms est=     47950 act=     50000
    btree_ts             ext=0 tsrange_0.1            bitmapscan         17.09 ms est=     97045 act=    100000
    btree_ts             ext=0 tsrange_0.2            bitmapscan         25.66 ms est=    195021 act=    200000
    btree_ts             ext=0 tsrange_0.5            seqscan            56.60 ms est=    496518 act=    500000
    brin_ts              ext=0 tsrange_1e-05          seqscan            48.39 ms est=        14 act=        10
    brin_ts              ext=0 tsrange_0.0001         seqscan            48.49 ms est=        97 act=       100
    brin_ts              ext=0 tsrange_0.001          seqscan            48.63 ms est=      1028 act=      1000
    brin_ts              ext=0 tsrange_0.01           seqscan            49.06 ms est=     10054 act=     10000
    brin_ts              ext=0 tsrange_0.05           seqscan            50.10 ms est=     49933 act=     50000
    brin_ts              ext=0 tsrange_0.1            seqscan            51.00 ms est=    100198 act=    100000
    brin_ts              ext=0 tsrange_0.2            seqscan            52.37 ms est=    197940 act=    200000
    brin_ts              ext=0 tsrange_0.5            seqscan            57.13 ms est=    500805 act=    500000
    all                  ext=0 eq_v2386               bitmapscan          0.04 ms est=       100 act=        98
    all                  ext=0 eq_v3442               bitmapscan          0.05 ms est=       100 act=       150
    all                  ext=0 eq_v4366               bitmapscan          0.04 ms est=       100 act=       102
    all                  ext=0 eq_v4872               bitmapscan          0.04 ms est=       100 act=        89
    all                  ext=0 eq_v7103               bitmapscan          0.04 ms est=       100 act=       105
    all                  ext=0 eq_v7817               bitmapscan          0.05 ms est=       100 act=       111
    all                  ext=0 eq_v9310               bitmapscan          0.03 ms est=       100 act=        66
    all                  ext=0 eq_v9461               bitmapscan          0.04 ms est=       100 act=        94
    all                  ext=0 range_1e-05            bitmapscan          0.04 ms est=       100 act=       111
    all                  ext=0 tsrange_1e-05          bitmapscan          0.01 ms est=        14 act=        10
    all                  ext=0 range_0.0001           bitmapscan          0.06 ms est=       207 act=       213
    all                  ext=0 tsrange_0.0001         bitmapscan          0.04 ms est=        96 act=       100
    all                  ext=0 range_0.001            indexscan           0.24 ms est=      1171 act=      1154
    all                  ext=0 tsrange_0.001          indexscan           0.18 ms est=      1008 act=      1000
    all                  ext=0 range_0.01             seqscan            45.95 ms est=     10585 act=     10093
    all                  ext=0 tsrange_0.01           seqscan            50.62 ms est=     10209 act=     10000
    all                  ext=0 range_0.05             seqscan            45.70 ms est=     52018 act=     50117
    all                  ext=0 tsrange_0.05           seqscan            49.93 ms est=     50070 act=     50000
    all                  ext=0 range_0.1              seqscan            44.83 ms est=    101010 act=    100104
    all                  ext=0 tsrange_0.1            seqscan            50.90 ms est=    100799 act=    100000
    all                  ext=0 range_0.2              seqscan            46.43 ms est=    202678 act=    200174
    all                  ext=0 tsrange_0.2            seqscan            52.80 ms est=    202593 act=    200000
    all                  ext=0 range_0.5              seqscan            49.89 ms est=    499781 act=    500076
    all                  ext=0 tsrange_0.5            seqscan            56.00 ms est=    504902 act=    500000
    all                  ext=0 conj_dep_a5            bitmapscan          2.80 ms est=        99 act=      7513
    all                  ext=0 conj_indep_a5          bitmapscan          0.02 ms est=       103 act=        30
    all                  ext=0 conj_dep_a6            bitmapscan          2.56 ms est=        93 act=      7246
    all                  ext=0 conj_indep_a6          bitmapscan          0.01 ms est=        89 act=        24
    all                  ext=0 conj_dep_a33           bitmapscan          2.66 ms est=       100 act=      7417
    all                  ext=0 conj_indep_a33         bitmapscan          0.02 ms est=       102 act=        27
    all                  ext=0 conj_dep_a57           bitmapscan          2.84 ms est=        99 act=      7608
    all                  ext=0 conj_indep_a57         bitmapscan          0.01 ms est=        90 act=        27
    all                  ext=0 conj_dep_a75           bitmapscan          2.81 ms est=       111 act=      7527
    all                  ext=0 conj_indep_a75         bitmapscan          0.02 ms est=       111 act=        26
    all                  ext=1 conj_dep_a5            bitmapscan          4.96 ms est=      7633 act=      7513
    all                  ext=1 conj_indep_a5          bitmapscan          0.02 ms est=       104 act=        30
    all                  ext=1 conj_dep_a6            bitmapscan          4.01 ms est=      7333 act=      7246
    all                  ext=1 conj_indep_a6          bitmapscan          0.03 ms est=        98 act=        24
    all                  ext=1 conj_dep_a33           bitmapscan          4.34 ms est=      7200 act=      7417
    all                  ext=1 conj_indep_a33         bitmapscan          0.02 ms est=        93 act=        27
    all                  ext=1 conj_dep_a57           bitmapscan          4.38 ms est=      8333 act=      7608
    all                  ext=1 conj_indep_a57         bitmapscan          0.02 ms est=       110 act=        27
    all                  ext=1 conj_dep_a75           bitmapscan          4.08 ms est=      7633 act=      7527
    all                  ext=1 conj_indep_a75         bitmapscan          0.02 ms est=       103 act=        26
    none                 ext=1 conj_dep_a5            seqscan            41.72 ms est=      7133 act=      7513
    none                 ext=1 conj_indep_a5          seqscan            40.64 ms est=        95 act=        30
    none                 ext=1 conj_dep_a6            seqscan            40.44 ms est=      7933 act=      7246
    none                 ext=1 conj_indep_a6          seqscan            40.23 ms est=       102 act=        24
    none                 ext=1 conj_dep_a33           seqscan            40.76 ms est=      6767 act=      7417
    none                 ext=1 conj_indep_a33         seqscan            40.33 ms est=        98 act=        27
    none                 ext=1 conj_dep_a57           seqscan            40.73 ms est=      7733 act=      7608
    none                 ext=1 conj_indep_a57         seqscan            39.96 ms est=        99 act=        27
    none                 ext=1 conj_dep_a75           seqscan            41.00 ms est=      7233 act=      7527
    none                 ext=1 conj_indep_a75         seqscan            40.75 ms est=        86 act=        26
    btree_a_b_separate   ext=1 conj_dep_a5            bitmapscan          4.37 ms est=      7033 act=      7513
    btree_a_b_separate   ext=1 conj_indep_a5          bitmapscan          1.44 ms est=        91 act=        30
    btree_a_b_separate   ext=1 conj_dep_a6            bitmapscan          4.02 ms est=      7033 act=      7246
    btree_a_b_separate   ext=1 conj_indep_a6          bitmapscan          1.56 ms est=       101 act=        24
    btree_a_b_separate   ext=1 conj_dep_a33           bitmapscan          4.02 ms est=      6733 act=      7417
    btree_a_b_separate   ext=1 conj_indep_a33         bitmapscan          1.73 ms est=       103 act=        27
    btree_a_b_separate   ext=1 conj_dep_a57           bitmapscan          4.47 ms est=      7133 act=      7608
    btree_a_b_separate   ext=1 conj_indep_a57         bitmapscan          1.61 ms est=       107 act=        27
    btree_a_b_separate   ext=1 conj_dep_a75           bitmapscan          4.16 ms est=      7133 act=      7527
    btree_a_b_separate   ext=1 conj_indep_a75         bitmapscan          1.32 ms est=        84 act=        26
    btree_ab_composite   ext=1 conj_dep_a5            bitmapscan          2.85 ms est=      7767 act=      7513
    btree_ab_composite   ext=1 conj_indep_a5          bitmapscan          0.02 ms est=       104 act=        30
    btree_ab_composite   ext=1 conj_dep_a6            bitmapscan          2.58 ms est=      6600 act=      7246
    btree_ab_composite   ext=1 conj_indep_a6          bitmapscan          0.02 ms est=        88 act=        24
    btree_ab_composite   ext=1 conj_dep_a33           bitmapscan          2.95 ms est=      7333 act=      7417
    btree_ab_composite   ext=1 conj_indep_a33         bitmapscan          0.02 ms est=       107 act=        27
    btree_ab_composite   ext=1 conj_dep_a57           bitmapscan          3.00 ms est=      7833 act=      7608
    btree_ab_composite   ext=1 conj_indep_a57         bitmapscan          0.02 ms est=        92 act=        27
    btree_ab_composite   ext=1 conj_dep_a75           bitmapscan          2.99 ms est=      7233 act=      7527
    btree_ab_composite   ext=1 conj_indep_a75         bitmapscan          0.02 ms est=       107 act=        26
  184 new measurements
  dropped t_dep075

=== dataset dep10 ===
  generated in 1.6s -> t_dep10.csv
  loaded in 1.4s
  ts correlation: designed=0.0 realised=-0.0012 pg_stats=-0.0033124026
  34 queries
    none                 ext=0 eq_v2386               seqscan            71.39 ms est=       100 act=        98
    none                 ext=0 eq_v3442               seqscan            72.08 ms est=       100 act=       150
    none                 ext=0 eq_v4366               seqscan            72.17 ms est=       100 act=       102
    none                 ext=0 eq_v4872               seqscan            70.45 ms est=       100 act=        89
    none                 ext=0 eq_v7103               seqscan            70.23 ms est=       100 act=       105
    none                 ext=0 eq_v7817               seqscan            68.82 ms est=       100 act=       111
    none                 ext=0 eq_v9310               seqscan            69.34 ms est=       100 act=        66
    none                 ext=0 eq_v9461               seqscan            67.93 ms est=       100 act=        94
    none                 ext=0 range_1e-05            seqscan            74.11 ms est=       100 act=       111
    none                 ext=0 tsrange_1e-05          seqscan            81.49 ms est=        14 act=        10
    none                 ext=0 range_0.0001           seqscan            72.29 ms est=       190 act=       213
    none                 ext=0 tsrange_0.0001         seqscan            77.86 ms est=       103 act=       100
    none                 ext=0 range_0.001            seqscan            70.49 ms est=       999 act=      1154
    none                 ext=0 tsrange_0.001          seqscan            77.88 ms est=      1081 act=      1000
    none                 ext=0 range_0.01             seqscan            71.24 ms est=      8907 act=     10093
    none                 ext=0 tsrange_0.01           seqscan            77.17 ms est=     10488 act=     10000
    none                 ext=0 range_0.05             seqscan            70.24 ms est=     48710 act=     50117
    none                 ext=0 tsrange_0.05           seqscan            77.69 ms est=     49817 act=     50000
    none                 ext=0 range_0.1              seqscan            71.17 ms est=     98169 act=    100104
    none                 ext=0 tsrange_0.1            seqscan            76.19 ms est=    100675 act=    100000
    none                 ext=0 range_0.2              seqscan            70.41 ms est=    200396 act=    200174
    none                 ext=0 tsrange_0.2            seqscan            75.88 ms est=    203507 act=    200000
    none                 ext=0 range_0.5              seqscan            74.20 ms est=    495740 act=    500076
    none                 ext=0 tsrange_0.5            seqscan            78.46 ms est=    507613 act=    500000
    none                 ext=0 conj_dep_a5            seqscan            63.67 ms est=       112 act=      9995
    none                 ext=0 conj_indep_a5          seqscan            62.79 ms est=       101 act=         0
    none                 ext=0 conj_dep_a6            seqscan            61.83 ms est=       107 act=      9668
    none                 ext=0 conj_indep_a6          seqscan            61.85 ms est=       103 act=         0
    none                 ext=0 conj_dep_a33           seqscan            59.74 ms est=        85 act=      9934
    none                 ext=0 conj_indep_a33         seqscan            60.83 ms est=       100 act=         0
    none                 ext=0 conj_dep_a57           seqscan            58.22 ms est=       117 act=     10216
    none                 ext=0 conj_indep_a57         seqscan            58.09 ms est=       104 act=         0
    none                 ext=0 conj_dep_a75           seqscan            57.89 ms est=       121 act=     10074
    none                 ext=0 conj_indep_a75         seqscan            56.79 ms est=       108 act=         0
    btree_skew           ext=0 eq_v2386               bitmapscan          0.04 ms est=       100 act=        98
    btree_skew           ext=0 eq_v3442               bitmapscan          0.07 ms est=       100 act=       150
    btree_skew           ext=0 eq_v4366               bitmapscan          0.04 ms est=       100 act=       102
    btree_skew           ext=0 eq_v4872               bitmapscan          0.04 ms est=       100 act=        89
    btree_skew           ext=0 eq_v7103               bitmapscan          0.04 ms est=       100 act=       105
    btree_skew           ext=0 eq_v7817               bitmapscan          0.04 ms est=       100 act=       111
    btree_skew           ext=0 eq_v9310               bitmapscan          0.03 ms est=       100 act=        66
    btree_skew           ext=0 eq_v9461               bitmapscan          0.03 ms est=       100 act=        94
    btree_skew           ext=0 range_1e-05            bitmapscan          0.06 ms est=       100 act=       111
    btree_skew           ext=0 range_0.0001           bitmapscan          0.07 ms est=       203 act=       213
    btree_skew           ext=0 range_0.001            bitmapscan          0.37 ms est=      1128 act=      1154
    btree_skew           ext=0 range_0.01             bitmapscan          3.77 ms est=     10199 act=     10093
    btree_skew           ext=0 range_0.05             bitmapscan         11.32 ms est=     51003 act=     50117
    btree_skew           ext=0 range_0.1              bitmapscan         16.37 ms est=    101634 act=    100104
    btree_skew           ext=0 range_0.2              bitmapscan         24.31 ms est=    202895 act=    200174
    btree_skew           ext=0 range_0.5              bitmapscan         39.77 ms est=    504203 act=    500076
    hash_skew            ext=0 eq_v2386               bitmapscan          0.04 ms est=       100 act=        98
    hash_skew            ext=0 eq_v3442               bitmapscan          0.05 ms est=       100 act=       150
    hash_skew            ext=0 eq_v4366               bitmapscan          0.09 ms est=       100 act=       102
    hash_skew            ext=0 eq_v4872               bitmapscan          0.04 ms est=       100 act=        89
    hash_skew            ext=0 eq_v7103               bitmapscan          0.04 ms est=       100 act=       105
    hash_skew            ext=0 eq_v7817               bitmapscan          0.04 ms est=       100 act=       111
    hash_skew            ext=0 eq_v9310               bitmapscan          0.03 ms est=       100 act=        66
    hash_skew            ext=0 eq_v9461               bitmapscan          0.03 ms est=       100 act=        94
    brin_skew            ext=0 eq_v2386               seqscan            45.70 ms est=        99 act=        98
    brin_skew            ext=0 eq_v3442               seqscan            45.76 ms est=        99 act=       150
    brin_skew            ext=0 eq_v4366               seqscan            44.75 ms est=        99 act=       102
    brin_skew            ext=0 eq_v4872               seqscan            43.59 ms est=        99 act=        89
    brin_skew            ext=0 eq_v7103               seqscan            43.15 ms est=        99 act=       105
    brin_skew            ext=0 eq_v7817               seqscan            43.59 ms est=        99 act=       111
    brin_skew            ext=0 eq_v9310               seqscan            41.00 ms est=        99 act=        66
    brin_skew            ext=0 eq_v9461               seqscan            41.36 ms est=        99 act=        94
    brin_skew            ext=0 range_1e-05            seqscan            49.45 ms est=        99 act=       111
    brin_skew            ext=0 range_0.0001           seqscan            47.11 ms est=       198 act=       213
    brin_skew            ext=0 range_0.001            seqscan            47.89 ms est=      1062 act=      1154
    brin_skew            ext=0 range_0.01             seqscan            46.42 ms est=      9936 act=     10093
    brin_skew            ext=0 range_0.05             seqscan            47.70 ms est=     48885 act=     50117
    brin_skew            ext=0 range_0.1              seqscan            47.03 ms est=     99273 act=    100104
    brin_skew            ext=0 range_0.2              seqscan            51.22 ms est=    198179 act=    200174
    brin_skew            ext=0 range_0.5              seqscan            52.44 ms est=    498130 act=    500076
    btree_a_b_separate   ext=0 conj_dep_a5            bitmapscan          5.25 ms est=       101 act=      9995
    btree_a_b_separate   ext=0 conj_indep_a5          bitmapscan          1.71 ms est=        99 act=         0
    btree_a_b_separate   ext=0 conj_dep_a6            bitmapscan          4.99 ms est=        88 act=      9668
    btree_a_b_separate   ext=0 conj_indep_a6          bitmapscan          1.77 ms est=        86 act=         0
    btree_a_b_separate   ext=0 conj_dep_a33           bitmapscan          5.48 ms est=       101 act=      9934
    btree_a_b_separate   ext=0 conj_indep_a33         bitmapscan          1.83 ms est=        88 act=         0
    btree_a_b_separate   ext=0 conj_dep_a57           bitmapscan          5.24 ms est=       105 act=     10216
    btree_a_b_separate   ext=0 conj_indep_a57         bitmapscan          1.65 ms est=        98 act=         0
    btree_a_b_separate   ext=0 conj_dep_a75           bitmapscan          4.93 ms est=       125 act=     10074
    btree_a_b_separate   ext=0 conj_indep_a75         bitmapscan          1.44 ms est=       118 act=         0
    btree_ab_composite   ext=0 conj_dep_a5            bitmapscan          3.77 ms est=       101 act=      9995
    btree_ab_composite   ext=0 conj_indep_a5          bitmapscan          0.01 ms est=        96 act=         0
    btree_ab_composite   ext=0 conj_dep_a6            bitmapscan          3.88 ms est=        98 act=      9668
    btree_ab_composite   ext=0 conj_indep_a6          bitmapscan          0.01 ms est=       109 act=         0
    btree_ab_composite   ext=0 conj_dep_a33           bitmapscan          4.83 ms est=       122 act=      9934
    btree_ab_composite   ext=0 conj_indep_a33         bitmapscan          0.01 ms est=       117 act=         0
    btree_ab_composite   ext=0 conj_dep_a57           bitmapscan          3.97 ms est=       110 act=     10216
    btree_ab_composite   ext=0 conj_indep_a57         bitmapscan          0.01 ms est=        94 act=         0
    btree_ab_composite   ext=0 conj_dep_a75           bitmapscan          3.85 ms est=       114 act=     10074
    btree_ab_composite   ext=0 conj_indep_a75         bitmapscan          0.01 ms est=       117 act=         0
    btree_ts             ext=0 tsrange_1e-05          bitmapscan          0.01 ms est=        15 act=        10
    btree_ts             ext=0 tsrange_0.0001         bitmapscan          0.05 ms est=       109 act=       100
    btree_ts             ext=0 tsrange_0.001          bitmapscan          0.37 ms est=      1149 act=      1000
    btree_ts             ext=0 tsrange_0.01           bitmapscan          4.03 ms est=     10702 act=     10000
    btree_ts             ext=0 tsrange_0.05           bitmapscan         12.51 ms est=     51789 act=     50000
    btree_ts             ext=0 tsrange_0.1            bitmapscan         19.65 ms est=    103075 act=    100000
    btree_ts             ext=0 tsrange_0.2            bitmapscan         26.81 ms est=    203251 act=    200000
    btree_ts             ext=0 tsrange_0.5            seqscan            57.96 ms est=    503970 act=    500000
    brin_ts              ext=0 tsrange_1e-05          seqscan            48.52 ms est=        13 act=        10
    brin_ts              ext=0 tsrange_0.0001         seqscan            48.99 ms est=        91 act=       100
    brin_ts              ext=0 tsrange_0.001          seqscan            49.64 ms est=       956 act=      1000
    brin_ts              ext=0 tsrange_0.01           seqscan            48.92 ms est=      9917 act=     10000
    brin_ts              ext=0 tsrange_0.05           seqscan            49.42 ms est=     50166 act=     50000
    brin_ts              ext=0 tsrange_0.1            seqscan            51.59 ms est=    102313 act=    100000
    brin_ts              ext=0 tsrange_0.2            seqscan            53.69 ms est=    202354 act=    200000
    brin_ts              ext=0 tsrange_0.5            seqscan            57.19 ms est=    497946 act=    500000
    all                  ext=0 eq_v2386               bitmapscan          0.04 ms est=       100 act=        98
    all                  ext=0 eq_v3442               bitmapscan          0.05 ms est=       100 act=       150
    all                  ext=0 eq_v4366               bitmapscan          0.05 ms est=       100 act=       102
    all                  ext=0 eq_v4872               bitmapscan          0.08 ms est=       100 act=        89
    all                  ext=0 eq_v7103               bitmapscan          0.04 ms est=       100 act=       105
    all                  ext=0 eq_v7817               bitmapscan          0.04 ms est=       100 act=       111
    all                  ext=0 eq_v9310               bitmapscan          0.03 ms est=       100 act=        66
    all                  ext=0 eq_v9461               bitmapscan          0.03 ms est=       100 act=        94
    all                  ext=0 range_1e-05            bitmapscan          0.04 ms est=       100 act=       111
    all                  ext=0 tsrange_1e-05          bitmapscan          0.01 ms est=        14 act=        10
    all                  ext=0 range_0.0001           bitmapscan          0.08 ms est=       207 act=       213
    all                  ext=0 tsrange_0.0001         bitmapscan          0.05 ms est=       102 act=       100
    all                  ext=0 range_0.001            indexscan           0.19 ms est=      1146 act=      1154
    all                  ext=0 tsrange_0.001          indexscan           0.19 ms est=      1075 act=      1000
    all                  ext=0 range_0.01             seqscan            47.29 ms est=     10205 act=     10093
    all                  ext=0 tsrange_0.01           seqscan            52.00 ms est=     10317 act=     10000
    all                  ext=0 range_0.05             seqscan            47.24 ms est=     49488 act=     50117
    all                  ext=0 tsrange_0.05           seqscan            51.69 ms est=     50757 act=     50000
    all                  ext=0 range_0.1              seqscan            45.29 ms est=     99021 act=    100104
    all                  ext=0 tsrange_0.1            seqscan            51.66 ms est=    100653 act=    100000
    all                  ext=0 range_0.2              seqscan            46.09 ms est=    201558 act=    200174
    all                  ext=0 tsrange_0.2            seqscan            54.13 ms est=    199264 act=    200000
    all                  ext=0 range_0.5              seqscan            51.20 ms est=    503504 act=    500076
    all                  ext=0 tsrange_0.5            seqscan            57.79 ms est=    495445 act=    500000
    all                  ext=0 conj_dep_a5            bitmapscan          3.82 ms est=       124 act=      9995
    all                  ext=0 conj_indep_a5          bitmapscan          0.01 ms est=       108 act=         0
    all                  ext=0 conj_dep_a6            bitmapscan          3.84 ms est=        82 act=      9668
    all                  ext=0 conj_indep_a6          bitmapscan          0.01 ms est=        88 act=         0
    all                  ext=0 conj_dep_a33           bitmapscan          4.01 ms est=        86 act=      9934
    all                  ext=0 conj_indep_a33         bitmapscan          0.01 ms est=       102 act=         0
    all                  ext=0 conj_dep_a57           bitmapscan          4.03 ms est=       112 act=     10216
    all                  ext=0 conj_indep_a57         bitmapscan          0.01 ms est=       109 act=         0
    all                  ext=0 conj_dep_a75           bitmapscan          3.95 ms est=        89 act=     10074
    all                  ext=0 conj_indep_a75         bitmapscan          0.01 ms est=        95 act=         0
    all                  ext=1 conj_dep_a5            bitmapscan          4.98 ms est=      9533 act=      9995
    all                  ext=1 conj_indep_a5          indexscan           0.01 ms est=         1 act=         0
    all                  ext=1 conj_dep_a6            bitmapscan          5.33 ms est=     10167 act=      9668
    all                  ext=1 conj_indep_a6          indexscan           0.01 ms est=         1 act=         0
    all                  ext=1 conj_dep_a33           bitmapscan          5.06 ms est=      9700 act=      9934
    all                  ext=1 conj_indep_a33         indexscan           0.01 ms est=         1 act=         0
    all                  ext=1 conj_dep_a57           bitmapscan          4.74 ms est=      9467 act=     10216
    all                  ext=1 conj_indep_a57         indexscan           0.02 ms est=         1 act=         0
    all                  ext=1 conj_dep_a75           bitmapscan          5.39 ms est=     10167 act=     10074
    all                  ext=1 conj_indep_a75         indexscan           0.01 ms est=         1 act=         0
    none                 ext=1 conj_dep_a5            seqscan            40.50 ms est=      9333 act=      9995
    none                 ext=1 conj_indep_a5          seqscan            39.65 ms est=         1 act=         0
    none                 ext=1 conj_dep_a6            seqscan            39.83 ms est=      9667 act=      9668
    none                 ext=1 conj_indep_a6          seqscan            40.17 ms est=         1 act=         0
    none                 ext=1 conj_dep_a33           seqscan            40.46 ms est=      9533 act=      9934
    none                 ext=1 conj_indep_a33         seqscan            41.30 ms est=         1 act=         0
    none                 ext=1 conj_dep_a57           seqscan            40.77 ms est=      9933 act=     10216
    none                 ext=1 conj_indep_a57         seqscan            39.81 ms est=         1 act=         0
    none                 ext=1 conj_dep_a75           seqscan            40.38 ms est=      9833 act=     10074
    none                 ext=1 conj_indep_a75         seqscan            39.61 ms est=         1 act=         0
    btree_a_b_separate   ext=1 conj_dep_a5            bitmapscan          5.10 ms est=      8833 act=      9995
    btree_a_b_separate   ext=1 conj_indep_a5          bitmapscan          1.68 ms est=         1 act=         0
    btree_a_b_separate   ext=1 conj_dep_a6            bitmapscan          4.93 ms est=      9567 act=      9668
    btree_a_b_separate   ext=1 conj_indep_a6          bitmapscan          1.76 ms est=         1 act=         0
    btree_a_b_separate   ext=1 conj_dep_a33           bitmapscan          5.62 ms est=      9333 act=      9934
    btree_a_b_separate   ext=1 conj_indep_a33         bitmapscan          1.33 ms est=         1 act=         0
    btree_a_b_separate   ext=1 conj_dep_a57           bitmapscan          4.89 ms est=      9200 act=     10216
    btree_a_b_separate   ext=1 conj_indep_a57         bitmapscan          1.35 ms est=         1 act=         0
    btree_a_b_separate   ext=1 conj_dep_a75           bitmapscan          4.73 ms est=      9900 act=     10074
    btree_a_b_separate   ext=1 conj_indep_a75         bitmapscan          1.38 ms est=         1 act=         0
    btree_ab_composite   ext=1 conj_dep_a5            bitmapscan          4.03 ms est=     10500 act=      9995
    btree_ab_composite   ext=1 conj_indep_a5          indexscan           0.01 ms est=         1 act=         0
    btree_ab_composite   ext=1 conj_dep_a6            bitmapscan          4.03 ms est=     10100 act=      9668
    btree_ab_composite   ext=1 conj_indep_a6          indexscan           0.01 ms est=         1 act=         0
    btree_ab_composite   ext=1 conj_dep_a33           bitmapscan          3.92 ms est=      9000 act=      9934
    btree_ab_composite   ext=1 conj_indep_a33         indexscan           0.01 ms est=         1 act=         0
    btree_ab_composite   ext=1 conj_dep_a57           bitmapscan          4.46 ms est=     10633 act=     10216
    btree_ab_composite   ext=1 conj_indep_a57         indexscan           0.01 ms est=         1 act=         0
    btree_ab_composite   ext=1 conj_dep_a75           bitmapscan          4.11 ms est=     10033 act=     10074
    btree_ab_composite   ext=1 conj_indep_a75         indexscan           0.01 ms est=         1 act=         0
  184 new measurements
  dropped t_dep10

=== dataset phys05 ===
  generated in 1.7s -> t_phys05.csv
  loaded in 1.5s
  ts correlation: designed=0.5 realised=0.4984 pg_stats=0.508795
  34 queries
    none                 ext=0 eq_v2386               seqscan            71.15 ms est=       100 act=        98
    none                 ext=0 eq_v3442               seqscan            70.76 ms est=       100 act=       150
    none                 ext=0 eq_v4366               seqscan            70.68 ms est=       100 act=       102
    none                 ext=0 eq_v4872               seqscan            71.13 ms est=       100 act=        89
    none                 ext=0 eq_v7103               seqscan            69.10 ms est=       100 act=       105
    none                 ext=0 eq_v7817               seqscan            70.07 ms est=       100 act=       111
    none                 ext=0 eq_v9310               seqscan            69.34 ms est=       100 act=        66
    none                 ext=0 eq_v9461               seqscan            68.90 ms est=       100 act=        94
    none                 ext=0 range_1e-05            seqscan            75.40 ms est=       100 act=       111
    none                 ext=0 tsrange_1e-05          seqscan            79.23 ms est=        13 act=        10
    none                 ext=0 range_0.0001           seqscan            75.39 ms est=       202 act=       213
    none                 ext=0 tsrange_0.0001         seqscan            78.75 ms est=        95 act=       100
    none                 ext=0 range_0.001            seqscan            69.73 ms est=      1116 act=      1154
    none                 ext=0 tsrange_0.001          seqscan            73.32 ms est=       992 act=      1000
    none                 ext=0 range_0.01             seqscan            69.53 ms est=     10059 act=     10093
    none                 ext=0 tsrange_0.01           seqscan            72.31 ms est=      9659 act=     10000
    none                 ext=0 range_0.05             seqscan            70.46 ms est=     49970 act=     50117
    none                 ext=0 tsrange_0.05           seqscan            71.47 ms est=     50521 act=     50000
    none                 ext=0 range_0.1              seqscan            69.92 ms est=     99304 act=    100104
    none                 ext=0 tsrange_0.1            seqscan            72.74 ms est=    102628 act=    100000
    none                 ext=0 range_0.2              seqscan            71.25 ms est=    201903 act=    200174
    none                 ext=0 tsrange_0.2            seqscan            74.45 ms est=    200214 act=    200000
    none                 ext=0 range_0.5              seqscan            72.48 ms est=    501651 act=    500076
    none                 ext=0 tsrange_0.5            seqscan            76.59 ms est=    499446 act=    500000
    none                 ext=0 conj_dep_a5            seqscan            62.59 ms est=        87 act=       102
    none                 ext=0 conj_indep_a5          seqscan            61.58 ms est=       100 act=       115
    none                 ext=0 conj_dep_a6            seqscan            71.41 ms est=       106 act=       107
    none                 ext=0 conj_indep_a6          seqscan            62.17 ms est=        98 act=       100
    none                 ext=0 conj_dep_a33           seqscan            63.57 ms est=        97 act=        95
    none                 ext=0 conj_indep_a33         seqscan            63.14 ms est=        97 act=        96
    none                 ext=0 conj_dep_a57           seqscan            61.96 ms est=       107 act=        88
    none                 ext=0 conj_indep_a57         seqscan            60.60 ms est=       102 act=       101
    none                 ext=0 conj_dep_a75           seqscan            58.88 ms est=        97 act=        97
    none                 ext=0 conj_indep_a75         seqscan            57.56 ms est=        92 act=        85
    btree_skew           ext=0 eq_v2386               bitmapscan          0.05 ms est=       100 act=        98
    btree_skew           ext=0 eq_v3442               bitmapscan          0.08 ms est=       100 act=       150
    btree_skew           ext=0 eq_v4366               bitmapscan          0.04 ms est=       100 act=       102
    btree_skew           ext=0 eq_v4872               bitmapscan          0.03 ms est=       100 act=        89
    btree_skew           ext=0 eq_v7103               bitmapscan          0.04 ms est=       100 act=       105
    btree_skew           ext=0 eq_v7817               bitmapscan          0.04 ms est=       100 act=       111
    btree_skew           ext=0 eq_v9310               bitmapscan          0.03 ms est=       100 act=        66
    btree_skew           ext=0 eq_v9461               bitmapscan          0.03 ms est=       100 act=        94
    btree_skew           ext=0 range_1e-05            bitmapscan          0.04 ms est=       100 act=       111
    btree_skew           ext=0 range_0.0001           bitmapscan          0.09 ms est=       205 act=       213
    btree_skew           ext=0 range_0.001            bitmapscan          0.37 ms est=      1148 act=      1154
    btree_skew           ext=0 range_0.01             bitmapscan          3.71 ms est=     10430 act=     10093
    btree_skew           ext=0 range_0.05             bitmapscan         11.57 ms est=     49719 act=     50117
    btree_skew           ext=0 range_0.1              bitmapscan         16.10 ms est=    101798 act=    100104
    btree_skew           ext=0 range_0.2              bitmapscan         24.06 ms est=    201773 act=    200174
    btree_skew           ext=0 range_0.5              bitmapscan         40.08 ms est=    502619 act=    500076
    hash_skew            ext=0 eq_v2386               bitmapscan          0.06 ms est=       100 act=        98
    hash_skew            ext=0 eq_v3442               bitmapscan          0.05 ms est=       100 act=       150
    hash_skew            ext=0 eq_v4366               bitmapscan          0.04 ms est=       100 act=       102
    hash_skew            ext=0 eq_v4872               bitmapscan          0.04 ms est=       100 act=        89
    hash_skew            ext=0 eq_v7103               bitmapscan          0.04 ms est=       100 act=       105
    hash_skew            ext=0 eq_v7817               bitmapscan          0.04 ms est=       100 act=       111
    hash_skew            ext=0 eq_v9310               bitmapscan          0.03 ms est=       100 act=        66
    hash_skew            ext=0 eq_v9461               bitmapscan          0.03 ms est=       100 act=        94
    brin_skew            ext=0 eq_v2386               seqscan            46.24 ms est=       100 act=        98
    brin_skew            ext=0 eq_v3442               seqscan            45.78 ms est=       100 act=       150
    brin_skew            ext=0 eq_v4366               seqscan            43.92 ms est=       100 act=       102
    brin_skew            ext=0 eq_v4872               seqscan            44.89 ms est=       100 act=        89
    brin_skew            ext=0 eq_v7103               seqscan            43.51 ms est=       100 act=       105
    brin_skew            ext=0 eq_v7817               seqscan            42.38 ms est=       100 act=       111
    brin_skew            ext=0 eq_v9310               seqscan            41.27 ms est=       100 act=        66
    brin_skew            ext=0 eq_v9461               seqscan            41.60 ms est=       100 act=        94
    brin_skew            ext=0 range_1e-05            seqscan            48.76 ms est=       100 act=       111
    brin_skew            ext=0 range_0.0001           seqscan            47.28 ms est=       213 act=       213
    brin_skew            ext=0 range_0.001            seqscan            47.72 ms est=      1233 act=      1154
    brin_skew            ext=0 range_0.01             seqscan            48.51 ms est=     10458 act=     10093
    brin_skew            ext=0 range_0.05             seqscan            49.20 ms est=     52171 act=     50117
    brin_skew            ext=0 range_0.1              seqscan            50.48 ms est=    103530 act=    100104
    brin_skew            ext=0 range_0.2              seqscan            52.25 ms est=    202026 act=    200174
    brin_skew            ext=0 range_0.5              seqscan            55.73 ms est=    507399 act=    500076
    btree_a_b_separate   ext=0 conj_dep_a5            bitmapscan          1.59 ms est=        96 act=       102
    btree_a_b_separate   ext=0 conj_indep_a5          bitmapscan          1.57 ms est=        85 act=       115
    btree_a_b_separate   ext=0 conj_dep_a6            bitmapscan          1.41 ms est=        99 act=       107
    btree_a_b_separate   ext=0 conj_indep_a6          bitmapscan          1.68 ms est=       110 act=       100
    btree_a_b_separate   ext=0 conj_dep_a33           bitmapscan          1.84 ms est=       117 act=        95
    btree_a_b_separate   ext=0 conj_indep_a33         bitmapscan          1.79 ms est=       103 act=        96
    btree_a_b_separate   ext=0 conj_dep_a57           bitmapscan          1.76 ms est=       103 act=        88
    btree_a_b_separate   ext=0 conj_indep_a57         bitmapscan          1.87 ms est=        89 act=       101
    btree_a_b_separate   ext=0 conj_dep_a75           bitmapscan          1.83 ms est=        99 act=        97
    btree_a_b_separate   ext=0 conj_indep_a75         bitmapscan          1.84 ms est=       107 act=        85
    btree_ab_composite   ext=0 conj_dep_a5            bitmapscan          0.04 ms est=       108 act=       102
    btree_ab_composite   ext=0 conj_indep_a5          bitmapscan          0.05 ms est=       102 act=       115
    btree_ab_composite   ext=0 conj_dep_a6            bitmapscan          0.06 ms est=        97 act=       107
    btree_ab_composite   ext=0 conj_indep_a6          bitmapscan          0.04 ms est=        96 act=       100
    btree_ab_composite   ext=0 conj_dep_a33           bitmapscan          0.04 ms est=       103 act=        95
    btree_ab_composite   ext=0 conj_indep_a33         bitmapscan          0.03 ms est=        86 act=        96
    btree_ab_composite   ext=0 conj_dep_a57           bitmapscan          0.04 ms est=       109 act=        88
    btree_ab_composite   ext=0 conj_indep_a57         bitmapscan          0.04 ms est=       119 act=       101
    btree_ab_composite   ext=0 conj_dep_a75           bitmapscan          0.03 ms est=       101 act=        97
    btree_ab_composite   ext=0 conj_indep_a75         bitmapscan          0.05 ms est=        98 act=        85
    btree_ts             ext=0 tsrange_1e-05          indexscan           0.02 ms est=        14 act=        10
    btree_ts             ext=0 tsrange_0.0001         indexscan           0.03 ms est=       102 act=       100
    btree_ts             ext=0 tsrange_0.001          indexscan           0.31 ms est=      1078 act=      1000
    btree_ts             ext=0 tsrange_0.01           bitmapscan          3.41 ms est=     10100 act=     10000
    btree_ts             ext=0 tsrange_0.05           bitmapscan          9.96 ms est=     49982 act=     50000
    btree_ts             ext=0 tsrange_0.1            bitmapscan         16.34 ms est=    101900 act=    100000
    btree_ts             ext=0 tsrange_0.2            bitmapscan         24.14 ms est=    201267 act=    200000
    btree_ts             ext=0 tsrange_0.5            seqscan            60.86 ms est=    503975 act=    500000
    brin_ts              ext=0 tsrange_1e-05          bitmapscan         64.57 ms est=        14 act=        10
    brin_ts              ext=0 tsrange_0.0001         bitmapscan         63.97 ms est=        98 act=       100
    brin_ts              ext=0 tsrange_0.001          bitmapscan         65.42 ms est=      1036 act=      1000
    brin_ts              ext=0 tsrange_0.01           bitmapscan         64.42 ms est=      9882 act=     10000
    brin_ts              ext=0 tsrange_0.05           bitmapscan         67.25 ms est=     49485 act=     50000
    brin_ts              ext=0 tsrange_0.1            bitmapscan         66.83 ms est=    100782 act=    100000
    brin_ts              ext=0 tsrange_0.2            bitmapscan         67.02 ms est=    200922 act=    200000
    brin_ts              ext=0 tsrange_0.5            seqscan            58.48 ms est=    502120 act=    500000
    all                  ext=0 eq_v2386               bitmapscan          0.03 ms est=        99 act=        98
    all                  ext=0 eq_v3442               bitmapscan          0.07 ms est=        99 act=       150
    all                  ext=0 eq_v4366               bitmapscan          0.04 ms est=        99 act=       102
    all                  ext=0 eq_v4872               bitmapscan          0.05 ms est=        99 act=        89
    all                  ext=0 eq_v7103               bitmapscan          0.04 ms est=        99 act=       105
    all                  ext=0 eq_v7817               bitmapscan          0.04 ms est=        99 act=       111
    all                  ext=0 eq_v9310               bitmapscan          0.03 ms est=        99 act=        66
    all                  ext=0 eq_v9461               bitmapscan          0.03 ms est=        99 act=        94
    all                  ext=0 range_1e-05            bitmapscan          0.04 ms est=        99 act=       111
    all                  ext=0 tsrange_1e-05          indexscan           0.01 ms est=        13 act=        10
    all                  ext=0 range_0.0001           bitmapscan          0.12 ms est=       203 act=       213
    all                  ext=0 tsrange_0.0001         indexscan           0.02 ms est=        89 act=       100
    all                  ext=0 range_0.001            indexscan           0.20 ms est=      1125 act=      1154
    all                  ext=0 tsrange_0.001          indexscan           0.16 ms est=       941 act=      1000
    all                  ext=0 range_0.01             seqscan            45.59 ms est=     10077 act=     10093
    all                  ext=0 tsrange_0.01           bitmapscan         64.07 ms est=      9305 act=     10000
    all                  ext=0 range_0.05             seqscan            43.76 ms est=     49480 act=     50117
    all                  ext=0 tsrange_0.05           bitmapscan         66.03 ms est=     47102 act=     50000
    all                  ext=0 range_0.1              seqscan            45.26 ms est=     97671 act=    100104
    all                  ext=0 tsrange_0.1            bitmapscan         66.82 ms est=     97937 act=    100000
    all                  ext=0 range_0.2              seqscan            46.77 ms est=    197177 act=    200174
    all                  ext=0 tsrange_0.2            bitmapscan         66.46 ms est=    197129 act=    200000
    all                  ext=0 range_0.5              seqscan            51.82 ms est=    500147 act=    500076
    all                  ext=0 tsrange_0.5            seqscan            55.12 ms est=    502285 act=    500000
    all                  ext=0 conj_dep_a5            bitmapscan          0.06 ms est=        99 act=       102
    all                  ext=0 conj_indep_a5          bitmapscan          0.04 ms est=       109 act=       115
    all                  ext=0 conj_dep_a6            bitmapscan          0.04 ms est=        86 act=       107
    all                  ext=0 conj_indep_a6          bitmapscan          0.04 ms est=        85 act=       100
    all                  ext=0 conj_dep_a33           bitmapscan          0.04 ms est=        99 act=        95
    all                  ext=0 conj_indep_a33         bitmapscan          0.03 ms est=        99 act=        96
    all                  ext=0 conj_dep_a57           bitmapscan          0.04 ms est=        95 act=        88
    all                  ext=0 conj_indep_a57         bitmapscan          0.05 ms est=       101 act=       101
    all                  ext=0 conj_dep_a75           bitmapscan          0.05 ms est=       100 act=        97
    all                  ext=0 conj_indep_a75         bitmapscan          0.04 ms est=       107 act=        85
    all                  ext=1 conj_dep_a5            bitmapscan          0.04 ms est=        94 act=       102
    all                  ext=1 conj_indep_a5          bitmapscan          0.07 ms est=        80 act=       115
    all                  ext=1 conj_dep_a6            bitmapscan          0.04 ms est=        98 act=       107
    all                  ext=1 conj_indep_a6          bitmapscan          0.05 ms est=       101 act=       100
    all                  ext=1 conj_dep_a33           bitmapscan          0.04 ms est=        97 act=        95
    all                  ext=1 conj_indep_a33         bitmapscan          0.03 ms est=        94 act=        96
    all                  ext=1 conj_dep_a57           bitmapscan          0.03 ms est=       117 act=        88
    all                  ext=1 conj_indep_a57         bitmapscan          0.04 ms est=       107 act=       101
    all                  ext=1 conj_dep_a75           bitmapscan          0.06 ms est=       120 act=        97
    all                  ext=1 conj_indep_a75         bitmapscan          0.04 ms est=       111 act=        85
    none                 ext=1 conj_dep_a5            seqscan            43.42 ms est=       103 act=       102
    none                 ext=1 conj_indep_a5          seqscan            42.83 ms est=       111 act=       115
    none                 ext=1 conj_dep_a6            seqscan            41.52 ms est=       105 act=       107
    none                 ext=1 conj_indep_a6          seqscan            40.28 ms est=        98 act=       100
    none                 ext=1 conj_dep_a33           seqscan            40.09 ms est=        93 act=        95
    none                 ext=1 conj_indep_a33         seqscan            40.99 ms est=       103 act=        96
    none                 ext=1 conj_dep_a57           seqscan            39.54 ms est=       114 act=        88
    none                 ext=1 conj_indep_a57         seqscan            39.83 ms est=       102 act=       101
    none                 ext=1 conj_dep_a75           seqscan            39.96 ms est=       102 act=        97
    none                 ext=1 conj_indep_a75         seqscan            39.11 ms est=        98 act=        85
    btree_a_b_separate   ext=1 conj_dep_a5            bitmapscan          1.37 ms est=       123 act=       102
    btree_a_b_separate   ext=1 conj_indep_a5          bitmapscan          1.36 ms est=       118 act=       115
    btree_a_b_separate   ext=1 conj_dep_a6            bitmapscan          1.32 ms est=        91 act=       107
    btree_a_b_separate   ext=1 conj_indep_a6          bitmapscan          1.35 ms est=        94 act=       100
    btree_a_b_separate   ext=1 conj_dep_a33           bitmapscan          1.37 ms est=       104 act=        95
    btree_a_b_separate   ext=1 conj_indep_a33         bitmapscan          1.39 ms est=        97 act=        96
    btree_a_b_separate   ext=1 conj_dep_a57           bitmapscan          1.44 ms est=        89 act=        88
    btree_a_b_separate   ext=1 conj_indep_a57         bitmapscan          1.35 ms est=        89 act=       101
    btree_a_b_separate   ext=1 conj_dep_a75           bitmapscan          1.46 ms est=        89 act=        97
    btree_a_b_separate   ext=1 conj_indep_a75         bitmapscan          1.43 ms est=        98 act=        85
    btree_ab_composite   ext=1 conj_dep_a5            bitmapscan          0.05 ms est=       103 act=       102
    btree_ab_composite   ext=1 conj_indep_a5          bitmapscan          0.04 ms est=        97 act=       115
    btree_ab_composite   ext=1 conj_dep_a6            bitmapscan          0.03 ms est=       112 act=       107
    btree_ab_composite   ext=1 conj_indep_a6          bitmapscan          0.04 ms est=       118 act=       100
    btree_ab_composite   ext=1 conj_dep_a33           bitmapscan          0.03 ms est=        88 act=        95
    btree_ab_composite   ext=1 conj_indep_a33         bitmapscan          0.06 ms est=       100 act=        96
    btree_ab_composite   ext=1 conj_dep_a57           bitmapscan          0.04 ms est=        95 act=        88
    btree_ab_composite   ext=1 conj_indep_a57         bitmapscan          0.04 ms est=        97 act=       101
    btree_ab_composite   ext=1 conj_dep_a75           bitmapscan          0.03 ms est=        94 act=        97
    btree_ab_composite   ext=1 conj_indep_a75         bitmapscan          0.03 ms est=       104 act=        85
  184 new measurements
  dropped t_phys05

=== dataset phys095 ===
  generated in 1.6s -> t_phys095.csv
  loaded in 1.3s
  ts correlation: designed=0.95 realised=0.9493 pg_stats=0.94853646
  34 queries
    none                 ext=0 eq_v2386               seqscan            70.42 ms est=       100 act=        98
    none                 ext=0 eq_v3442               seqscan            69.14 ms est=       100 act=       150
    none                 ext=0 eq_v4366               seqscan            68.92 ms est=       100 act=       102
    none                 ext=0 eq_v4872               seqscan            67.94 ms est=       100 act=        89
    none                 ext=0 eq_v7103               seqscan            68.94 ms est=       100 act=       105
    none                 ext=0 eq_v7817               seqscan            66.25 ms est=       100 act=       111
    none                 ext=0 eq_v9310               seqscan            66.35 ms est=       100 act=        66
    none                 ext=0 eq_v9461               seqscan            65.24 ms est=       100 act=        94
    none                 ext=0 range_1e-05            seqscan            70.49 ms est=       100 act=       111
    none                 ext=0 tsrange_1e-05          seqscan            74.53 ms est=        13 act=        10
    none                 ext=0 range_0.0001           seqscan            69.93 ms est=       200 act=       213
    none                 ext=0 tsrange_0.0001         seqscan            73.23 ms est=        90 act=       100
    none                 ext=0 range_0.001            seqscan            69.36 ms est=      1106 act=      1154
    none                 ext=0 tsrange_0.001          seqscan            73.55 ms est=       949 act=      1000
    none                 ext=0 range_0.01             seqscan            68.71 ms est=      9959 act=     10093
    none                 ext=0 tsrange_0.01           seqscan            71.95 ms est=      9543 act=     10000
    none                 ext=0 range_0.05             seqscan            67.83 ms est=     50133 act=     50117
    none                 ext=0 tsrange_0.05           seqscan            71.23 ms est=     49642 act=     50000
    none                 ext=0 range_0.1              seqscan            68.82 ms est=    103941 act=    100104
    none                 ext=0 tsrange_0.1            seqscan            70.29 ms est=    100260 act=    100000
    none                 ext=0 range_0.2              seqscan            69.13 ms est=    203527 act=    200174
    none                 ext=0 tsrange_0.2            seqscan            70.95 ms est=    202104 act=    200000
    none                 ext=0 range_0.5              seqscan            70.93 ms est=    506430 act=    500076
    none                 ext=0 tsrange_0.5            seqscan            74.47 ms est=    502951 act=    500000
    none                 ext=0 conj_dep_a5            seqscan            61.33 ms est=       108 act=       102
    none                 ext=0 conj_indep_a5          seqscan            60.25 ms est=       109 act=       115
    none                 ext=0 conj_dep_a6            seqscan            60.39 ms est=        95 act=       107
    none                 ext=0 conj_indep_a6          seqscan            59.25 ms est=       110 act=       100
    none                 ext=0 conj_dep_a33           seqscan            59.28 ms est=        94 act=        95
    none                 ext=0 conj_indep_a33         seqscan            58.46 ms est=        92 act=        96
    none                 ext=0 conj_dep_a57           seqscan            58.32 ms est=       104 act=        88
    none                 ext=0 conj_indep_a57         seqscan            57.35 ms est=       107 act=       101
    none                 ext=0 conj_dep_a75           seqscan            56.94 ms est=        95 act=        97
    none                 ext=0 conj_indep_a75         seqscan            56.82 ms est=       117 act=        85
    btree_skew           ext=0 eq_v2386               bitmapscan          0.04 ms est=       100 act=        98
    btree_skew           ext=0 eq_v3442               bitmapscan          0.06 ms est=       100 act=       150
    btree_skew           ext=0 eq_v4366               bitmapscan          0.04 ms est=       100 act=       102
    btree_skew           ext=0 eq_v4872               bitmapscan          0.05 ms est=       100 act=        89
    btree_skew           ext=0 eq_v7103               bitmapscan          0.04 ms est=       100 act=       105
    btree_skew           ext=0 eq_v7817               bitmapscan          0.04 ms est=       100 act=       111
    btree_skew           ext=0 eq_v9310               bitmapscan          0.02 ms est=       100 act=        66
    btree_skew           ext=0 eq_v9461               bitmapscan          0.03 ms est=       100 act=        94
    btree_skew           ext=0 range_1e-05            bitmapscan          0.03 ms est=       100 act=       111
    btree_skew           ext=0 range_0.0001           bitmapscan          0.06 ms est=       204 act=       213
    btree_skew           ext=0 range_0.001            bitmapscan          0.40 ms est=      1137 act=      1154
    btree_skew           ext=0 range_0.01             bitmapscan          4.03 ms est=     10377 act=     10093
    btree_skew           ext=0 range_0.05             bitmapscan         11.38 ms est=     50557 act=     50117
    btree_skew           ext=0 range_0.1              bitmapscan         16.40 ms est=     99449 act=    100104
    btree_skew           ext=0 range_0.2              bitmapscan         24.38 ms est=    201567 act=    200174
    btree_skew           ext=0 range_0.5              bitmapscan         40.67 ms est=    501024 act=    500076
    hash_skew            ext=0 eq_v2386               bitmapscan          0.03 ms est=       100 act=        98
    hash_skew            ext=0 eq_v3442               bitmapscan          0.05 ms est=       100 act=       150
    hash_skew            ext=0 eq_v4366               bitmapscan          0.04 ms est=       100 act=       102
    hash_skew            ext=0 eq_v4872               bitmapscan          0.03 ms est=       100 act=        89
    hash_skew            ext=0 eq_v7103               bitmapscan          0.04 ms est=       100 act=       105
    hash_skew            ext=0 eq_v7817               bitmapscan          0.06 ms est=       100 act=       111
    hash_skew            ext=0 eq_v9310               bitmapscan          0.04 ms est=       100 act=        66
    hash_skew            ext=0 eq_v9461               bitmapscan          0.03 ms est=       100 act=        94
    brin_skew            ext=0 eq_v2386               seqscan            46.66 ms est=       100 act=        98
    brin_skew            ext=0 eq_v3442               seqscan            44.80 ms est=       100 act=       150
    brin_skew            ext=0 eq_v4366               seqscan            45.06 ms est=       100 act=       102
    brin_skew            ext=0 eq_v4872               seqscan            43.97 ms est=       100 act=        89
    brin_skew            ext=0 eq_v7103               seqscan            44.90 ms est=       100 act=       105
    brin_skew            ext=0 eq_v7817               seqscan            43.56 ms est=       100 act=       111
    brin_skew            ext=0 eq_v9310               seqscan            41.52 ms est=       100 act=        66
    brin_skew            ext=0 eq_v9461               seqscan            45.49 ms est=       100 act=        94
    brin_skew            ext=0 range_1e-05            seqscan            48.48 ms est=       100 act=       111
    brin_skew            ext=0 range_0.0001           seqscan            47.44 ms est=       200 act=       213
    brin_skew            ext=0 range_0.001            seqscan            49.01 ms est=      1106 act=      1154
    brin_skew            ext=0 range_0.01             seqscan            47.65 ms est=     10030 act=     10093
    brin_skew            ext=0 range_0.05             seqscan            48.43 ms est=     49081 act=     50117
    brin_skew            ext=0 range_0.1              seqscan            50.92 ms est=     98041 act=    100104
    brin_skew            ext=0 range_0.2              seqscan            51.80 ms est=    194397 act=    200174
    brin_skew            ext=0 range_0.5              seqscan            56.59 ms est=    493021 act=    500076
    btree_a_b_separate   ext=0 conj_dep_a5            bitmapscan          1.78 ms est=       100 act=       102
    btree_a_b_separate   ext=0 conj_indep_a5          bitmapscan          1.66 ms est=        99 act=       115
    btree_a_b_separate   ext=0 conj_dep_a6            bitmapscan          1.62 ms est=       102 act=       107
    btree_a_b_separate   ext=0 conj_indep_a6          bitmapscan          1.71 ms est=        96 act=       100
    btree_a_b_separate   ext=0 conj_dep_a33           bitmapscan          1.46 ms est=        99 act=        95
    btree_a_b_separate   ext=0 conj_indep_a33         bitmapscan          1.44 ms est=       104 act=        96
    btree_a_b_separate   ext=0 conj_dep_a57           bitmapscan          1.56 ms est=        89 act=        88
    btree_a_b_separate   ext=0 conj_indep_a57         bitmapscan          1.43 ms est=        96 act=       101
    btree_a_b_separate   ext=0 conj_dep_a75           bitmapscan          1.47 ms est=        99 act=        97
    btree_a_b_separate   ext=0 conj_indep_a75         bitmapscan          1.65 ms est=        98 act=        85
    btree_ab_composite   ext=0 conj_dep_a5            bitmapscan          0.04 ms est=        91 act=       102
    btree_ab_composite   ext=0 conj_indep_a5          bitmapscan          0.05 ms est=        98 act=       115
    btree_ab_composite   ext=0 conj_dep_a6            bitmapscan          0.07 ms est=        98 act=       107
    btree_ab_composite   ext=0 conj_indep_a6          bitmapscan          0.04 ms est=        98 act=       100
    btree_ab_composite   ext=0 conj_dep_a33           bitmapscan          0.04 ms est=       101 act=        95
    btree_ab_composite   ext=0 conj_indep_a33         bitmapscan          0.03 ms est=       104 act=        96
    btree_ab_composite   ext=0 conj_dep_a57           bitmapscan          0.03 ms est=       104 act=        88
    btree_ab_composite   ext=0 conj_indep_a57         bitmapscan          0.03 ms est=       110 act=       101
    btree_ab_composite   ext=0 conj_dep_a75           bitmapscan          0.03 ms est=       105 act=        97
    btree_ab_composite   ext=0 conj_indep_a75         bitmapscan          0.07 ms est=       116 act=        85
    btree_ts             ext=0 tsrange_1e-05          indexscan           0.01 ms est=        14 act=        10
    btree_ts             ext=0 tsrange_0.0001         indexscan           0.02 ms est=       102 act=       100
    btree_ts             ext=0 tsrange_0.001          indexscan           0.15 ms est=      1074 act=      1000
    btree_ts             ext=0 tsrange_0.01           indexscan           0.72 ms est=     10611 act=     10000
    btree_ts             ext=0 tsrange_0.05           indexscan           4.07 ms est=     50400 act=     50000
    btree_ts             ext=0 tsrange_0.1            indexscan           9.20 ms est=    100828 act=    100000
    btree_ts             ext=0 tsrange_0.2            indexscan          17.29 ms est=    200937 act=    200000
    btree_ts             ext=0 tsrange_0.5            indexscan          42.62 ms est=    500575 act=    500000
    brin_ts              ext=0 tsrange_1e-05          bitmapscan         62.70 ms est=        12 act=        10
    brin_ts              ext=0 tsrange_0.0001         bitmapscan         64.41 ms est=        87 act=       100
    brin_ts              ext=0 tsrange_0.001          bitmapscan         63.46 ms est=       921 act=      1000
    brin_ts              ext=0 tsrange_0.01           bitmapscan         64.28 ms est=      9206 act=     10000
    brin_ts              ext=0 tsrange_0.05           bitmapscan         64.28 ms est=     49528 act=     50000
    brin_ts              ext=0 tsrange_0.1            bitmapscan         63.68 ms est=     98804 act=    100000
    brin_ts              ext=0 tsrange_0.2            bitmapscan         66.15 ms est=    197348 act=    200000
    brin_ts              ext=0 tsrange_0.5            bitmapscan         67.19 ms est=    493669 act=    500000
    all                  ext=0 eq_v2386               bitmapscan          0.03 ms est=       100 act=        98
    all                  ext=0 eq_v3442               bitmapscan          0.08 ms est=       100 act=       150
    all                  ext=0 eq_v4366               bitmapscan          0.04 ms est=       100 act=       102
    all                  ext=0 eq_v4872               bitmapscan          0.04 ms est=       100 act=        89
    all                  ext=0 eq_v7103               bitmapscan          0.04 ms est=       100 act=       105
    all                  ext=0 eq_v7817               bitmapscan          0.05 ms est=       100 act=       111
    all                  ext=0 eq_v9310               bitmapscan          0.03 ms est=       100 act=        66
    all                  ext=0 eq_v9461               bitmapscan          0.03 ms est=       100 act=        94
    all                  ext=0 range_1e-05            bitmapscan          0.09 ms est=       100 act=       111
    all                  ext=0 tsrange_1e-05          indexscan           0.01 ms est=        13 act=        10
    all                  ext=0 range_0.0001           bitmapscan          0.06 ms est=       197 act=       213
    all                  ext=0 tsrange_0.0001         indexscan           0.01 ms est=        94 act=       100
    all                  ext=0 range_0.001            bitmapscan          0.41 ms est=      1076 act=      1154
    all                  ext=0 tsrange_0.001          indexscan           0.20 ms est=       986 act=      1000
    all                  ext=0 range_0.01             seqscan            52.50 ms est=     10174 act=     10093
    all                  ext=0 tsrange_0.01           indexscan           0.72 ms est=      9849 act=     10000
    all                  ext=0 range_0.05             seqscan            54.38 ms est=     51405 act=     50117
    all                  ext=0 tsrange_0.05           indexscan           4.42 ms est=     50673 act=     50000
    all                  ext=0 range_0.1              seqscan            53.25 ms est=    100599 act=    100104
    all                  ext=0 tsrange_0.1            indexscan           8.95 ms est=    100510 act=    100000
    all                  ext=0 range_0.2              seqscan            54.43 ms est=    204218 act=    200174
    all                  ext=0 tsrange_0.2            indexscan          17.66 ms est=    203438 act=    200000
    all                  ext=0 range_0.5              seqscan            57.85 ms est=    501706 act=    500076
    all                  ext=0 tsrange_0.5            bitmapscan         69.17 ms est=    498640 act=    500000
    all                  ext=0 conj_dep_a5            bitmapscan          0.06 ms est=       105 act=       102
    all                  ext=0 conj_indep_a5          bitmapscan          0.04 ms est=       103 act=       115
    all                  ext=0 conj_dep_a6            bitmapscan          0.04 ms est=       107 act=       107
    all                  ext=0 conj_indep_a6          bitmapscan          0.04 ms est=       106 act=       100
    all                  ext=0 conj_dep_a33           bitmapscan          0.04 ms est=        99 act=        95
    all                  ext=0 conj_indep_a33         bitmapscan          0.03 ms est=        99 act=        96
    all                  ext=0 conj_dep_a57           bitmapscan          0.03 ms est=       110 act=        88
    all                  ext=0 conj_indep_a57         bitmapscan          0.05 ms est=       106 act=       101
    all                  ext=0 conj_dep_a75           bitmapscan          0.04 ms est=       101 act=        97
    all                  ext=0 conj_indep_a75         bitmapscan          0.03 ms est=        99 act=        85
    all                  ext=1 conj_dep_a5            bitmapscan          0.04 ms est=       106 act=       102
    all                  ext=1 conj_indep_a5          bitmapscan          0.04 ms est=        96 act=       115
    all                  ext=1 conj_dep_a6            bitmapscan          0.04 ms est=       119 act=       107
    all                  ext=1 conj_indep_a6          bitmapscan          0.06 ms est=       100 act=       100
    all                  ext=1 conj_dep_a33           bitmapscan          0.05 ms est=        99 act=        95
    all                  ext=1 conj_indep_a33         bitmapscan          0.04 ms est=       118 act=        96
    all                  ext=1 conj_dep_a57           bitmapscan          0.04 ms est=        95 act=        88
    all                  ext=1 conj_indep_a57         bitmapscan          0.05 ms est=       100 act=       101
    all                  ext=1 conj_dep_a75           bitmapscan          0.03 ms est=        98 act=        97
    all                  ext=1 conj_indep_a75         bitmapscan          0.04 ms est=       100 act=        85
    none                 ext=1 conj_dep_a5            seqscan            51.87 ms est=       100 act=       102
    none                 ext=1 conj_indep_a5          seqscan            50.02 ms est=       112 act=       115
    none                 ext=1 conj_dep_a6            seqscan            48.89 ms est=        96 act=       107
    none                 ext=1 conj_indep_a6          seqscan            49.28 ms est=       101 act=       100
    none                 ext=1 conj_dep_a33           seqscan            47.50 ms est=       110 act=        95
    none                 ext=1 conj_indep_a33         seqscan            47.78 ms est=        90 act=        96
    none                 ext=1 conj_dep_a57           seqscan            49.16 ms est=       108 act=        88
    none                 ext=1 conj_indep_a57         seqscan            45.88 ms est=       105 act=       101
    none                 ext=1 conj_dep_a75           seqscan            46.11 ms est=       102 act=        97
    none                 ext=1 conj_indep_a75         seqscan            46.48 ms est=        92 act=        85
    btree_a_b_separate   ext=1 conj_dep_a5            bitmapscan          1.36 ms est=       116 act=       102
    btree_a_b_separate   ext=1 conj_indep_a5          bitmapscan          1.36 ms est=        90 act=       115
    btree_a_b_separate   ext=1 conj_dep_a6            bitmapscan          1.35 ms est=       101 act=       107
    btree_a_b_separate   ext=1 conj_indep_a6          bitmapscan          1.34 ms est=        85 act=       100
    btree_a_b_separate   ext=1 conj_dep_a33           bitmapscan          1.40 ms est=       104 act=        95
    btree_a_b_separate   ext=1 conj_indep_a33         bitmapscan          1.32 ms est=        99 act=        96
    btree_a_b_separate   ext=1 conj_dep_a57           bitmapscan          1.33 ms est=       104 act=        88
    btree_a_b_separate   ext=1 conj_indep_a57         bitmapscan          1.33 ms est=        97 act=       101
    btree_a_b_separate   ext=1 conj_dep_a75           bitmapscan          1.48 ms est=       108 act=        97
    btree_a_b_separate   ext=1 conj_indep_a75         bitmapscan          1.56 ms est=       102 act=        85
    btree_ab_composite   ext=1 conj_dep_a5            bitmapscan          0.05 ms est=        92 act=       102
    btree_ab_composite   ext=1 conj_indep_a5          bitmapscan          0.04 ms est=       109 act=       115
    btree_ab_composite   ext=1 conj_dep_a6            bitmapscan          0.05 ms est=        91 act=       107
    btree_ab_composite   ext=1 conj_indep_a6          bitmapscan          0.05 ms est=        90 act=       100
    btree_ab_composite   ext=1 conj_dep_a33           bitmapscan          0.04 ms est=       106 act=        95
    btree_ab_composite   ext=1 conj_indep_a33         bitmapscan          0.03 ms est=        94 act=        96
    btree_ab_composite   ext=1 conj_dep_a57           bitmapscan          0.03 ms est=       103 act=        88
    btree_ab_composite   ext=1 conj_indep_a57         bitmapscan          0.04 ms est=       104 act=       101
    btree_ab_composite   ext=1 conj_dep_a75           bitmapscan          0.03 ms est=        87 act=        97
    btree_ab_composite   ext=1 conj_indep_a75         bitmapscan          0.03 ms est=        86 act=        85
  184 new measurements
  dropped t_phys095

=== dataset phys10 ===
  generated in 1.6s -> t_phys10.csv
  loaded in 1.2s
  ts correlation: designed=1.0 realised=1.0000 pg_stats=1.0
  34 queries
    none                 ext=0 eq_v2386               seqscan            70.10 ms est=       100 act=        98
    none                 ext=0 eq_v3442               seqscan            69.43 ms est=       100 act=       150
    none                 ext=0 eq_v4366               seqscan            69.07 ms est=       100 act=       102
    none                 ext=0 eq_v4872               seqscan            69.31 ms est=       100 act=        89
    none                 ext=0 eq_v7103               seqscan            68.79 ms est=       100 act=       105
    none                 ext=0 eq_v7817               seqscan            68.76 ms est=       100 act=       111
    none                 ext=0 eq_v9310               seqscan            69.51 ms est=       100 act=        66
    none                 ext=0 eq_v9461               seqscan            66.56 ms est=       100 act=        94
    none                 ext=0 range_1e-05            seqscan            72.05 ms est=       100 act=       111
    none                 ext=0 tsrange_1e-05          seqscan            74.96 ms est=        14 act=        10
    none                 ext=0 range_0.0001           seqscan            71.53 ms est=       194 act=       213
    none                 ext=0 tsrange_0.0001         seqscan            74.87 ms est=        99 act=       100
    none                 ext=0 range_0.001            seqscan            69.28 ms est=      1047 act=      1154
    none                 ext=0 tsrange_0.001          seqscan            72.82 ms est=      1022 act=      1000
    none                 ext=0 range_0.01             seqscan            68.42 ms est=      9638 act=     10093
    none                 ext=0 tsrange_0.01           seqscan            71.21 ms est=      9789 act=     10000
    none                 ext=0 range_0.05             seqscan            69.11 ms est=     49388 act=     50117
    none                 ext=0 tsrange_0.05           seqscan            70.81 ms est=     48843 act=     50000
    none                 ext=0 range_0.1              seqscan            68.02 ms est=     99568 act=    100104
    none                 ext=0 tsrange_0.1            seqscan            70.66 ms est=     97595 act=    100000
    none                 ext=0 range_0.2              seqscan            69.53 ms est=    199723 act=    200174
    none                 ext=0 tsrange_0.2            seqscan            71.56 ms est=    199697 act=    200000
    none                 ext=0 range_0.5              seqscan            72.60 ms est=    500285 act=    500076
    none                 ext=0 tsrange_0.5            seqscan            75.02 ms est=    497890 act=    500000
    none                 ext=0 conj_dep_a5            seqscan            62.52 ms est=        97 act=       102
    none                 ext=0 conj_indep_a5          seqscan            61.24 ms est=       104 act=       115
    none                 ext=0 conj_dep_a6            seqscan            59.96 ms est=       107 act=       107
    none                 ext=0 conj_indep_a6          seqscan            59.41 ms est=        92 act=       100
    none                 ext=0 conj_dep_a33           seqscan            59.15 ms est=        99 act=        95
    none                 ext=0 conj_indep_a33         seqscan            58.92 ms est=       107 act=        96
    none                 ext=0 conj_dep_a57           seqscan            58.06 ms est=       103 act=        88
    none                 ext=0 conj_indep_a57         seqscan            56.97 ms est=        98 act=       101
    none                 ext=0 conj_dep_a75           seqscan            58.12 ms est=       100 act=        97
    none                 ext=0 conj_indep_a75         seqscan            56.93 ms est=       101 act=        85
    btree_skew           ext=0 eq_v2386               bitmapscan          0.05 ms est=        99 act=        98
    btree_skew           ext=0 eq_v3442               bitmapscan          0.08 ms est=        99 act=       150
    btree_skew           ext=0 eq_v4366               bitmapscan          0.04 ms est=        99 act=       102
    btree_skew           ext=0 eq_v4872               bitmapscan          0.04 ms est=        99 act=        89
    btree_skew           ext=0 eq_v7103               bitmapscan          0.04 ms est=        99 act=       105
    btree_skew           ext=0 eq_v7817               bitmapscan          0.04 ms est=        99 act=       111
    btree_skew           ext=0 eq_v9310               bitmapscan          0.02 ms est=        99 act=        66
    btree_skew           ext=0 eq_v9461               bitmapscan          0.03 ms est=        99 act=        94
    btree_skew           ext=0 range_1e-05            bitmapscan          0.04 ms est=        99 act=       111
    btree_skew           ext=0 range_0.0001           bitmapscan          0.08 ms est=       206 act=       213
    btree_skew           ext=0 range_0.001            bitmapscan          0.37 ms est=      1161 act=      1154
    btree_skew           ext=0 range_0.01             bitmapscan          3.84 ms est=     10508 act=     10093
    btree_skew           ext=0 range_0.05             bitmapscan         12.01 ms est=     50565 act=     50117
    btree_skew           ext=0 range_0.1              bitmapscan         16.66 ms est=     99687 act=    100104
    btree_skew           ext=0 range_0.2              bitmapscan         24.09 ms est=    203062 act=    200174
    btree_skew           ext=0 range_0.5              bitmapscan         40.00 ms est=    503854 act=    500076
    hash_skew            ext=0 eq_v2386               bitmapscan          0.04 ms est=        99 act=        98
    hash_skew            ext=0 eq_v3442               bitmapscan          0.05 ms est=        99 act=       150
    hash_skew            ext=0 eq_v4366               bitmapscan          0.04 ms est=        99 act=       102
    hash_skew            ext=0 eq_v4872               bitmapscan          0.03 ms est=        99 act=        89
    hash_skew            ext=0 eq_v7103               bitmapscan          0.04 ms est=        99 act=       105
    hash_skew            ext=0 eq_v7817               bitmapscan          0.06 ms est=        99 act=       111
    hash_skew            ext=0 eq_v9310               bitmapscan          0.03 ms est=        99 act=        66
    hash_skew            ext=0 eq_v9461               bitmapscan          0.04 ms est=        99 act=        94
    brin_skew            ext=0 eq_v2386               seqscan            46.33 ms est=       100 act=        98
    brin_skew            ext=0 eq_v3442               seqscan            45.19 ms est=       100 act=       150
    brin_skew            ext=0 eq_v4366               seqscan            44.49 ms est=       100 act=       102
    brin_skew            ext=0 eq_v4872               seqscan            42.99 ms est=       100 act=        89
    brin_skew            ext=0 eq_v7103               seqscan            42.69 ms est=       100 act=       105
    brin_skew            ext=0 eq_v7817               seqscan            42.30 ms est=       100 act=       111
    brin_skew            ext=0 eq_v9310               seqscan            41.49 ms est=       100 act=        66
    brin_skew            ext=0 eq_v9461               seqscan            41.22 ms est=       100 act=        94
    brin_skew            ext=0 range_1e-05            seqscan            48.53 ms est=       100 act=       111
    brin_skew            ext=0 range_0.0001           seqscan            47.87 ms est=       199 act=       213
    brin_skew            ext=0 range_0.001            seqscan            47.41 ms est=      1095 act=      1154
    brin_skew            ext=0 range_0.01             seqscan            48.19 ms est=      9926 act=     10093
    brin_skew            ext=0 range_0.05             seqscan            49.24 ms est=     49614 act=     50117
    brin_skew            ext=0 range_0.1              seqscan            49.78 ms est=     99113 act=    100104
    brin_skew            ext=0 range_0.2              seqscan            52.14 ms est=    199880 act=    200174
    brin_skew            ext=0 range_0.5              seqscan            55.30 ms est=    501121 act=    500076
    btree_a_b_separate   ext=0 conj_dep_a5            bitmapscan          1.81 ms est=        89 act=       102
    btree_a_b_separate   ext=0 conj_indep_a5          bitmapscan          1.49 ms est=        97 act=       115
    btree_a_b_separate   ext=0 conj_dep_a6            bitmapscan          1.37 ms est=        96 act=       107
    btree_a_b_separate   ext=0 conj_indep_a6          bitmapscan          1.61 ms est=        97 act=       100
    btree_a_b_separate   ext=0 conj_dep_a33           bitmapscan          1.78 ms est=       102 act=        95
    btree_a_b_separate   ext=0 conj_indep_a33         bitmapscan          1.47 ms est=       101 act=        96
    btree_a_b_separate   ext=0 conj_dep_a57           bitmapscan          1.63 ms est=       103 act=        88
    btree_a_b_separate   ext=0 conj_indep_a57         bitmapscan          1.62 ms est=        94 act=       101
    btree_a_b_separate   ext=0 conj_dep_a75           bitmapscan          1.79 ms est=       114 act=        97
    btree_a_b_separate   ext=0 conj_indep_a75         bitmapscan          1.36 ms est=       112 act=        85
    btree_ab_composite   ext=0 conj_dep_a5            bitmapscan          0.03 ms est=       113 act=       102
    btree_ab_composite   ext=0 conj_indep_a5          bitmapscan          0.06 ms est=       112 act=       115
    btree_ab_composite   ext=0 conj_dep_a6            bitmapscan          0.04 ms est=        89 act=       107
    btree_ab_composite   ext=0 conj_indep_a6          bitmapscan          0.05 ms est=        89 act=       100
    btree_ab_composite   ext=0 conj_dep_a33           bitmapscan          0.03 ms est=        96 act=        95
    btree_ab_composite   ext=0 conj_indep_a33         bitmapscan          0.03 ms est=        87 act=        96
    btree_ab_composite   ext=0 conj_dep_a57           bitmapscan          0.04 ms est=        90 act=        88
    btree_ab_composite   ext=0 conj_indep_a57         bitmapscan          0.05 ms est=       102 act=       101
    btree_ab_composite   ext=0 conj_dep_a75           bitmapscan          0.03 ms est=       112 act=        97
    btree_ab_composite   ext=0 conj_indep_a75         bitmapscan          0.03 ms est=       105 act=        85
    btree_ts             ext=0 tsrange_1e-05          indexscan           0.01 ms est=        13 act=        10
    btree_ts             ext=0 tsrange_0.0001         indexscan           0.01 ms est=        93 act=       100
    btree_ts             ext=0 tsrange_0.001          indexscan           0.07 ms est=       977 act=      1000
    btree_ts             ext=0 tsrange_0.01           indexscan           0.61 ms est=      9790 act=     10000
    btree_ts             ext=0 tsrange_0.05           indexscan           3.15 ms est=     49155 act=     50000
    btree_ts             ext=0 tsrange_0.1            indexscan           6.49 ms est=    100020 act=    100000
    btree_ts             ext=0 tsrange_0.2            indexscan          12.68 ms est=    200025 act=    200000
    btree_ts             ext=0 tsrange_0.5            indexscan          32.51 ms est=    502319 act=    500000
    brin_ts              ext=0 tsrange_1e-05          bitmapscan          0.55 ms est=        15 act=        10
    brin_ts              ext=0 tsrange_0.0001         bitmapscan          0.54 ms est=       104 act=       100
    brin_ts              ext=0 tsrange_0.001          bitmapscan          0.53 ms est=      1102 act=      1000
    brin_ts              ext=0 tsrange_0.01           bitmapscan          1.22 ms est=     10461 act=     10000
    brin_ts              ext=0 tsrange_0.05           bitmapscan          3.60 ms est=     50581 act=     50000
    brin_ts              ext=0 tsrange_0.1            bitmapscan          7.36 ms est=     99841 act=    100000
    brin_ts              ext=0 tsrange_0.2            bitmapscan         14.37 ms est=    199173 act=    200000
    brin_ts              ext=0 tsrange_0.5            bitmapscan         35.95 ms est=    499677 act=    500000
    all                  ext=0 eq_v2386               bitmapscan          0.05 ms est=       100 act=        98
    all                  ext=0 eq_v3442               bitmapscan          0.06 ms est=       100 act=       150
    all                  ext=0 eq_v4366               bitmapscan          0.04 ms est=       100 act=       102
    all                  ext=0 eq_v4872               bitmapscan          0.04 ms est=       100 act=        89
    all                  ext=0 eq_v7103               bitmapscan          0.04 ms est=       100 act=       105
    all                  ext=0 eq_v7817               bitmapscan          0.04 ms est=       100 act=       111
    all                  ext=0 eq_v9310               bitmapscan          0.02 ms est=       100 act=        66
    all                  ext=0 eq_v9461               bitmapscan          0.03 ms est=       100 act=        94
    all                  ext=0 range_1e-05            bitmapscan          0.06 ms est=       100 act=       111
    all                  ext=0 tsrange_1e-05          indexscan           0.01 ms est=        14 act=        10
    all                  ext=0 range_0.0001           bitmapscan          0.06 ms est=       196 act=       213
    all                  ext=0 tsrange_0.0001         indexscan           0.01 ms est=       100 act=       100
    all                  ext=0 range_0.001            bitmapscan          0.39 ms est=      1058 act=      1154
    all                  ext=0 tsrange_0.001          indexscan           0.07 ms est=      1054 act=      1000
    all                  ext=0 range_0.01             seqscan            52.27 ms est=     10402 act=     10093
    all                  ext=0 tsrange_0.01           indexscan           0.62 ms est=     10413 act=     10000
    all                  ext=0 range_0.05             seqscan            52.45 ms est=     49582 act=     50117
    all                  ext=0 tsrange_0.05           indexscan           3.19 ms est=     51314 act=     50000
    all                  ext=0 range_0.1              seqscan            53.69 ms est=    100199 act=    100104
    all                  ext=0 tsrange_0.1            indexscan           6.44 ms est=    102901 act=    100000
    all                  ext=0 range_0.2              seqscan            54.96 ms est=    201658 act=    200174
    all                  ext=0 tsrange_0.2            indexscan          12.57 ms est=    201855 act=    200000
    all                  ext=0 range_0.5              seqscan            57.58 ms est=    499788 act=    500076
    all                  ext=0 tsrange_0.5            bitmapscan         36.15 ms est=    503423 act=    500000
    all                  ext=0 conj_dep_a5            bitmapscan          0.04 ms est=        97 act=       102
    all                  ext=0 conj_indep_a5          bitmapscan          0.04 ms est=        99 act=       115
    all                  ext=0 conj_dep_a6            bitmapscan          0.04 ms est=        90 act=       107
    all                  ext=0 conj_indep_a6          bitmapscan          0.03 ms est=       107 act=       100
    all                  ext=0 conj_dep_a33           bitmapscan          0.06 ms est=       116 act=        95
    all                  ext=0 conj_indep_a33         bitmapscan          0.04 ms est=       113 act=        96
    all                  ext=0 conj_dep_a57           bitmapscan          0.03 ms est=       106 act=        88
    all                  ext=0 conj_indep_a57         bitmapscan          0.03 ms est=       109 act=       101
    all                  ext=0 conj_dep_a75           bitmapscan          0.03 ms est=       101 act=        97
    all                  ext=0 conj_indep_a75         bitmapscan          0.04 ms est=       111 act=        85
    all                  ext=1 conj_dep_a5            bitmapscan          0.04 ms est=       103 act=       102
    all                  ext=1 conj_indep_a5          bitmapscan          0.04 ms est=        99 act=       115
    all                  ext=1 conj_dep_a6            bitmapscan          0.06 ms est=       105 act=       107
    all                  ext=1 conj_indep_a6          bitmapscan          0.04 ms est=        92 act=       100
    all                  ext=1 conj_dep_a33           bitmapscan          0.04 ms est=        89 act=        95
    all                  ext=1 conj_indep_a33         bitmapscan          0.03 ms est=        93 act=        96
    all                  ext=1 conj_dep_a57           bitmapscan          0.03 ms est=        96 act=        88
    all                  ext=1 conj_indep_a57         bitmapscan          0.04 ms est=        93 act=       101
    all                  ext=1 conj_dep_a75           bitmapscan          0.04 ms est=       111 act=        97
    all                  ext=1 conj_indep_a75         bitmapscan          0.08 ms est=        99 act=        85
    none                 ext=1 conj_dep_a5            seqscan            49.81 ms est=       102 act=       102
    none                 ext=1 conj_indep_a5          seqscan            49.34 ms est=       119 act=       115
    none                 ext=1 conj_dep_a6            seqscan            48.13 ms est=        91 act=       107
    none                 ext=1 conj_indep_a6          seqscan            47.27 ms est=        80 act=       100
    none                 ext=1 conj_dep_a33           seqscan            47.74 ms est=       104 act=        95
    none                 ext=1 conj_indep_a33         seqscan            47.34 ms est=       104 act=        96
    none                 ext=1 conj_dep_a57           seqscan            46.69 ms est=       105 act=        88
    none                 ext=1 conj_indep_a57         seqscan            47.78 ms est=        87 act=       101
    none                 ext=1 conj_dep_a75           seqscan            45.65 ms est=        92 act=        97
    none                 ext=1 conj_indep_a75         seqscan            46.86 ms est=       107 act=        85
    btree_a_b_separate   ext=1 conj_dep_a5            bitmapscan          1.66 ms est=        95 act=       102
    btree_a_b_separate   ext=1 conj_indep_a5          bitmapscan          1.62 ms est=        97 act=       115
    btree_a_b_separate   ext=1 conj_dep_a6            bitmapscan          1.61 ms est=       100 act=       107
    btree_a_b_separate   ext=1 conj_indep_a6          bitmapscan          1.62 ms est=       104 act=       100
    btree_a_b_separate   ext=1 conj_dep_a33           bitmapscan          1.62 ms est=        94 act=        95
    btree_a_b_separate   ext=1 conj_indep_a33         bitmapscan          2.39 ms est=        93 act=        96
    btree_a_b_separate   ext=1 conj_dep_a57           bitmapscan          1.84 ms est=       109 act=        88
    btree_a_b_separate   ext=1 conj_indep_a57         bitmapscan          1.61 ms est=       103 act=       101
    btree_a_b_separate   ext=1 conj_dep_a75           bitmapscan          1.53 ms est=        97 act=        97
    btree_a_b_separate   ext=1 conj_indep_a75         bitmapscan          1.45 ms est=       107 act=        85
    btree_ab_composite   ext=1 conj_dep_a5            bitmapscan          0.04 ms est=        94 act=       102
    btree_ab_composite   ext=1 conj_indep_a5          bitmapscan          0.04 ms est=        92 act=       115
    btree_ab_composite   ext=1 conj_dep_a6            bitmapscan          0.03 ms est=       102 act=       107
    btree_ab_composite   ext=1 conj_indep_a6          bitmapscan          0.04 ms est=       106 act=       100
    btree_ab_composite   ext=1 conj_dep_a33           bitmapscan          0.03 ms est=       100 act=        95
    btree_ab_composite   ext=1 conj_indep_a33         bitmapscan          0.04 ms est=        96 act=        96
    btree_ab_composite   ext=1 conj_dep_a57           bitmapscan          0.03 ms est=        97 act=        88
    btree_ab_composite   ext=1 conj_indep_a57         bitmapscan          0.05 ms est=        94 act=       101
    btree_ab_composite   ext=1 conj_dep_a75           bitmapscan          0.04 ms est=        98 act=        97
    btree_ab_composite   ext=1 conj_indep_a75         bitmapscan          0.04 ms est=       100 act=        85
  184 new measurements
  dropped t_phys10

Done. Raw results: G:\codes\Ass\DTMS\research\results\raw\measurements_1m.jsonl
